team1,team2,team1_pred_score,team2_pred_score,team1_act_score,team2_act_score,date
PIT,CIN,6,4,14,0,2019/08/24
PIT,PHI,6,2,5,6,2019/08/26
PIT,PHI,3,4,5,4,2019/08/27
PIT,PHI,2,4,3,12,2019/08/28
PIT,COL,2,3,11,8,2019/08/30
PIT,COL,2,3,9,4,2019/08/31
PIT,COL,2,3,6,2,2019/09/01
PIT,MIA,5,2,4,5,2019/09/03
PIT,MIA,6,2,6,5,2019/09/04
PIT,MIA,6,2,7,10,2019/09/05
PIT,STL,6,4,9,4,2019/09/06
PIT,STL,6,2,1,10,2019/09/07
PIT,STL,5,4,0,2,2019/09/08
PIT,SF,5,3,6,4,2019/09/10
PIT,SF,2,3,4,5,2019/09/11
PIT,SF,2,3,6,3,2019/09/12
PIT,CHC,2,3,8,17,2019/09/13
PIT,CHC,2,3,1,14,2019/09/14
PIT,CHC,2,3,6,16,2019/09/15
PIT,SEA,2,3,0,6,2019/09/17
PIT,SEA,6,4,1,4,2019/09/18
PIT,SEA,6,4,5,6,2019/09/19
PIT,MIL,3,5,1,10,2019/09/21
PIT,MIL,3,4,3,4,2019/09/22
PIT,CIN,3,4,6,5,2019/09/27
PIT,CIN,3,4,2,4,2019/09/28
PIT,CIN,3,4,1,3,2019/09/29
PIT,STL,3,5,4,5,2020/07/25
PIT,STL,3,5,5,1,2020/07/26
PIT,MIL,3,5,5,6,2020/07/27
PIT,MIL,3,5,0,3,2020/07/29
PIT,CHC,3,2,3,6,2020/08/01
PIT,CHC,3,2,3,4,2020/08/02
PIT,MIN,3,4,2,5,2020/08/05
PIT,MIN,3,4,6,5,2020/08/06
PIT,DET,3,2,13,17,2020/08/07
PIT,DET,2,4,5,11,2020/08/08
PIT,CIN,3,4,9,6,2020/08/13
PIT,CIN,5,4,1,8,2020/08/14
PIT,CLE,5,4,3,6,2020/08/18
PIT,CLE,5,4,1,6,2020/08/19
PIT,CLE,5,4,0,2,2020/08/20
PIT,MIL,2,5,7,2,2020/08/21
PIT,MIL,2,5,5,4,2020/08/23
PIT,CHW,5,3,3,10,2020/08/26
PIT,MIL,4,2,1,9,2020/08/29
PIT,CHC,6,3,2,8,2020/09/02
PIT,CHC,6,3,6,2,2020/09/03
PIT,CIN,3,4,4,3,2020/09/04
PIT,CIN,3,4,2,6,2020/09/05
PIT,CIN,3,4,3,2,2020/09/06
PIT,CHW,3,2,5,4,2020/09/08
PIT,CHW,3,2,1,8,2020/09/09
PIT,CIN,3,4,1,3,2020/09/14
PIT,CIN,3,4,1,4,2020/09/15
PIT,CIN,3,4,0,1,2020/09/16
PIT,STL,6,2,5,6,2020/09/18
PIT,STL,4,3,2,7,2020/09/19
PIT,STL,4,3,1,2,2020/09/20
PIT,CHC,6,1,0,5,2020/09/21
PIT,CHC,6,1,3,2,2020/09/22
PIT,CHC,6,1,2,1,2020/09/23
PIT,CHC,6,1,7,0,2020/09/24
PIT,CLE,6,4,3,4,2020/09/25
PIT,CLE,3,4,8,0,2020/09/26
PIT,CLE,3,4,6,8,2020/09/27
PIT,CHC,3,1,5,3,2021/04/01
PIT,CHC,2,1,1,5,2021/04/03
PIT,CHC,2,0,3,4,2021/04/04
PIT,CIN,5,3,3,5,2021/04/05
PIT,CIN,5,3,1,14,2021/04/06
PIT,CIN,5,3,4,11,2021/04/07
PIT,CHC,5,1,2,4,2021/04/08
PIT,CHC,5,3,8,2,2021/04/10
PIT,CHC,2,1,7,1,2021/04/11
PIT,SD,6,2,2,6,2021/04/12
PIT,SD,3,2,8,4,2021/04/13
PIT,SD,5,2,5,1,2021/04/14
PIT,SD,5,2,3,8,2021/04/15
PIT,MIL,2,3,6,5,2021/04/18
PIT,DET,2,4,2,5,2021/04/21
PIT,DET,3,4,4,2,2021/04/22
PIT,MIN,4,6,0,2,2021/04/24
PIT,MIN,6,3,6,2,2021/04/25
PIT,KC,6,3,2,1,2021/04/27
PIT,KC,5,3,6,9,2021/04/28
PIT,STL,6,5,3,7,2021/04/30
PIT,STL,6,2,5,12,2021/05/01
PIT,STL,6,4,0,3,2021/05/02
PIT,SD,3,4,0,2,2021/05/04
PIT,SD,6,4,2,1,2021/05/05
PIT,SD,3,2,2,4,2021/05/06
PIT,CHC,3,6,2,3,2021/05/07
PIT,CHC,3,6,2,3,2021/05/08
PIT,CHC,3,6,6,5,2021/05/09
PIT,CIN,6,4,1,14,2021/05/10
PIT,CIN,6,4,7,2,2021/05/11
PIT,CIN,6,4,1,5,2021/05/12
PIT,SF,6,3,1,3,2021/05/13
PIT,SF,4,3,3,2,2021/05/14
PIT,SF,4,3,8,6,2021/05/15
PIT,STL,3,4,2,5,2021/05/18
PIT,STL,3,4,5,8,2021/05/19
PIT,ATL,3,4,6,4,2021/05/20
PIT,ATL,3,4,1,20,2021/05/21
PIT,ATL,3,4,1,6,2021/05/22
PIT,ATL,3,4,1,7,2021/05/23
PIT,COL,6,2,7,0,2021/05/29
PIT,COL,3,2,3,4,2021/05/30
PIT,MIA,6,2,5,3,2021/06/03
PIT,MIA,6,2,9,2,2021/06/04
PIT,MIA,5,2,8,7,2021/06/05
PIT,MIA,5,2,1,3,2021/06/06
PIT,LAD,5,4,3,5,2021/06/08
PIT,LAD,5,4,1,2,2021/06/09
PIT,LAD,5,4,3,6,2021/06/10
PIT,MIL,6,5,4,7,2021/06/12
PIT,MIL,1,5,2,5,2021/06/13
PIT,WSH,4,5,2,3,2021/06/14
PIT,WSH,4,5,1,8,2021/06/15
PIT,WSH,6,5,1,3,2021/06/16
PIT,CLE,6,4,11,10,2021/06/18
PIT,CHW,4,2,6,3,2021/06/22
PIT,CHW,4,2,3,4,2021/06/23
PIT,STL,4,3,8,2,2021/06/25
PIT,STL,4,3,5,4,2021/06/26
PIT,STL,2,3,7,2,2021/06/27
PIT,COL,2,3,0,2,2021/06/28
PIT,COL,2,5,0,8,2021/06/30
PIT,MIL,3,4,2,7,2021/07/01
PIT,MIL,4,5,2,7,2021/07/02
PIT,MIL,5,4,2,0,2021/07/04
PIT,ATL,6,4,2,1,2021/07/06
PIT,ATL,6,4,3,14,2021/07/07
PIT,NYM,3,4,4,13,2021/07/09
PIT,NYM,3,4,2,4,2021/07/10
PIT,NYM,5,4,6,5,2021/07/11
PIT,NYM,5,4,4,1,2021/07/16
PIT,NYM,5,4,9,7,2021/07/17
PIT,NYM,5,4,6,7,2021/07/18
PIT,ARI,5,4,2,4,2021/07/20
PIT,ARI,5,4,4,6,2021/07/21
PIT,SF,5,3,6,4,2021/07/24
PIT,SF,5,3,1,6,2021/07/25
PIT,MIL,5,2,0,9,2021/07/27
PIT,MIL,5,3,3,7,2021/07/28
PIT,MIL,2,4,0,12,2021/07/29
PIT,PHI,3,4,7,0,2021/07/30
PIT,PHI,3,4,3,2,2021/07/31
PIT,PHI,3,4,4,15,2021/08/01
PIT,MIL,3,4,2,6,2021/08/03
PIT,MIL,3,4,2,4,2021/08/04
PIT,CIN,3,2,4,7,2021/08/05
PIT,CIN,6,2,0,10,2021/08/06
PIT,CIN,3,2,3,11,2021/08/07
PIT,CIN,5,2,2,3,2021/08/08
PIT,STL,5,3,1,4,2021/08/10
PIT,STL,6,3,0,4,2021/08/11
PIT,STL,4,3,6,7,2021/08/12
PIT,MIL,5,4,0,6,2021/08/14
PIT,MIL,3,4,1,2,2021/08/15
PIT,LAD,3,4,1,2,2021/08/17
PIT,LAD,3,4,3,4,2021/08/18
PIT,LAD,3,4,0,9,2021/08/19
PIT,STL,3,4,0,3,2021/08/22
PIT,ARI,6,3,6,5,2021/08/23
PIT,ARI,6,3,4,2,2021/08/24
PIT,STL,6,4,11,7,2021/08/26
PIT,STL,6,4,0,13,2021/08/28
PIT,STL,3,4,4,3,2021/08/29
PIT,CHW,3,2,3,6,2021/09/02
PIT,CHC,3,5,5,6,2021/09/03
PIT,CHC,4,5,6,7,2021/09/04
PIT,CHC,4,5,8,11,2021/09/05
PIT,DET,5,4,6,3,2021/09/06
PIT,DET,5,3,1,5,2021/09/08
PIT,WSH,4,3,4,3,2021/09/10
PIT,WSH,2,3,10,7,2021/09/11
PIT,WSH,5,3,2,6,2021/09/12
PIT,CIN,5,4,6,5,2021/09/14
PIT,CIN,5,4,5,4,2021/09/15
PIT,CIN,2,3,0,1,2021/09/16
PIT,MIA,4,2,6,3,2021/09/18
PIT,CIN,2,4,5,9,2021/09/20
PIT,CIN,2,4,6,2,2021/09/21
PIT,PHI,2,4,6,12,2021/09/23
PIT,PHI,4,2,6,0,2021/09/26
PIT,CHC,5,6,8,6,2021/09/28
PIT,CHC,5,6,2,3,2021/09/29
PIT,CHC,3,6,0,9,2021/09/30
PIT,CIN,3,4,9,2,2021/10/01
PIT,CIN,5,2,8,6,2021/10/02
PIT,CIN,5,4,3,6,2021/10/03
TB,TOR,3,2,5,3,2019/09/07
TB,TOR,3,2,8,3,2019/09/08
TB,TEX,3,5,9,10,2019/09/12
TB,TEX,3,5,4,6,2019/09/13
TB,LAA,3,2,11,4,2019/09/14
TB,LAA,3,2,3,1,2019/09/15
TB,LAD,3,4,5,7,2019/09/18
TB,LAD,3,5,8,7,2019/09/19
TB,BOS,3,5,4,7,2019/09/22
TB,BOS,3,5,7,4,2019/09/23
TB,NYY,3,5,2,1,2019/09/24
TB,TOR,4,5,6,2,2019/09/27
TB,TOR,4,5,1,4,2019/09/28
TB,TOR,4,2,3,8,2019/09/29
TB,OAK,4,3,5,1,2019/10/03
TB,HOU,4,3,2,6,2019/10/04
TB,HOU,4,3,1,3,2019/10/06
TB,HOU,4,3,10,3,2019/10/07
TB,HOU,4,3,4,1,2019/10/08
TB,HOU,4,3,1,6,2019/10/10
TB,TOR,4,2,4,6,2020/07/24
TB,TOR,3,4,6,5,2020/07/26
TB,ATL,3,4,14,5,2020/07/27
TB,ATL,3,4,5,2,2020/07/28
TB,ATL,3,4,1,2,2020/07/30
TB,BAL,4,2,3,6,2020/07/31
TB,BAL,4,2,4,5,2020/08/01
TB,BAL,4,2,1,5,2020/08/02
TB,BOS,4,5,5,1,2020/08/04
TB,BOS,4,5,0,5,2020/08/05
TB,NYY,4,5,1,0,2020/08/07
TB,NYY,4,5,4,8,2020/08/08
TB,NYY,6,5,4,3,2020/08/09
TB,BOS,6,5,8,7,2020/08/10
TB,BOS,4,5,8,2,2020/08/11
TB,BOS,4,5,9,5,2020/08/12
TB,BOS,3,5,17,8,2020/08/13
TB,TOR,2,4,4,12,2020/08/14
TB,TOR,2,3,3,2,2020/08/15
TB,NYY,3,5,6,3,2020/08/18
TB,NYY,3,5,4,2,2020/08/19
TB,NYY,3,5,10,5,2020/08/20
TB,TOR,3,6,5,6,2020/08/21
TB,TOR,3,5,2,1,2020/08/22
TB,BAL,3,2,4,3,2020/08/26
TB,MIA,4,2,2,0,2020/08/28
TB,MIA,3,2,4,0,2020/08/29
TB,MIA,3,2,12,7,2020/08/30
TB,NYY,2,5,5,3,2020/08/31
TB,MIA,3,2,5,4,2020/09/04
TB,MIA,3,2,3,7,2020/09/05
TB,MIA,3,2,5,4,2020/09/06
TB,BOS,3,5,3,4,2020/09/10
TB,BOS,3,5,11,1,2020/09/11
TB,BOS,3,5,5,4,2020/09/12
TB,BOS,3,5,3,6,2020/09/13
TB,WSH,1,3,2,4,2020/09/16
TB,BAL,1,2,10,6,2020/09/17
TB,BAL,1,3,2,1,2020/09/18
TB,NYM,3,4,2,1,2020/09/21
TB,NYM,3,4,2,5,2020/09/22
TB,NYM,3,4,8,5,2020/09/23
TB,PHI,3,4,6,4,2020/09/25
TB,PHI,3,4,4,3,2020/09/26
TB,PHI,3,4,5,0,2020/09/27
TB,TOR,3,5,3,1,2020/09/29
TB,TOR,3,5,8,2,2020/09/30
TB,NYY,3,5,3,9,2020/10/06
TB,NYY,3,5,7,5,2020/10/07
TB,NYY,3,5,1,5,2020/10/08
TB,NYY,3,5,2,1,2020/10/09
TB,HOU,3,5,2,1,2020/10/11
TB,HOU,4,3,4,2,2020/10/12
TB,HOU,4,3,5,2,2020/10/14
TB,HOU,4,5,3,4,2020/10/15
TB,HOU,4,5,4,7,2020/10/16
TB,HOU,4,3,4,2,2020/10/18
TB,LAD,1,4,6,4,2020/10/22
TB,LAD,4,3,2,4,2020/10/26
TB,LAD,4,3,1,3,2020/10/28
TB,MIA,4,2,1,0,2021/04/01
TB,MIA,4,2,6,4,2021/04/02
TB,MIA,4,2,7,12,2021/04/03
TB,BOS,4,3,2,11,2021/04/05
TB,BOS,4,3,5,6,2021/04/06
TB,BOS,4,3,2,9,2021/04/07
TB,NYY,3,7,10,5,2021/04/09
TB,NYY,3,1,4,0,2021/04/10
TB,NYY,3,1,4,8,2021/04/11
TB,TEX,3,5,1,0,2021/04/12
TB,TEX,3,6,3,8,2021/04/13
TB,TEX,4,5,1,5,2021/04/14
TB,TEX,4,5,4,6,2021/04/15
TB,NYY,3,7,8,2,2021/04/16
TB,NYY,3,1,6,3,2021/04/17
TB,NYY,3,1,4,2,2021/04/18
TB,KC,4,3,14,7,2021/04/21
TB,TOR,3,4,3,5,2021/04/23
TB,TOR,3,4,5,3,2021/04/24
TB,OAK,3,4,1,2,2021/04/26
TB,OAK,3,4,4,3,2021/04/27
TB,HOU,3,5,2,9,2021/04/30
TB,LAA,6,2,7,3,2021/05/04
TB,LAA,3,2,8,3,2021/05/05
TB,NYY,3,5,1,3,2021/05/11
TB,NYY,3,7,0,1,2021/05/12
TB,NYY,3,1,9,1,2021/05/13
TB,NYM,3,4,3,2,2021/05/14
TB,NYM,3,5,12,5,2021/05/15
TB,NYM,3,4,7,1,2021/05/16
TB,BAL,4,2,9,7,2021/05/19
TB,BAL,3,2,10,1,2021/05/20
TB,TOR,3,5,9,7,2021/05/21
TB,TOR,3,5,6,4,2021/05/23
TB,TOR,3,5,14,8,2021/05/24
TB,PHI,3,4,5,3,2021/05/29
TB,PHI,3,4,6,2,2021/05/30
TB,TEX,3,5,4,5,2021/06/05
TB,TEX,3,5,7,1,2021/06/06
TB,WSH,3,5,3,1,2021/06/08
TB,WSH,3,5,7,9,2021/06/09
TB,BAL,3,2,4,2,2021/06/11
TB,CHW,3,2,5,2,2021/06/15
TB,CHW,3,2,0,3,2021/06/16
TB,BOS,3,5,5,9,2021/06/22
TB,BOS,3,5,8,2,2021/06/23
TB,BOS,3,5,1,0,2021/06/24
TB,LAA,3,5,4,3,2021/06/25
TB,TOR,3,5,1,11,2021/07/02
TB,TOR,4,5,3,6,2021/07/03
TB,TOR,3,6,5,1,2021/07/04
TB,CLE,3,5,9,8,2021/07/05
TB,CLE,3,5,4,0,2021/07/07
TB,TOR,3,5,7,1,2021/07/09
TB,TOR,3,5,5,2,2021/07/10
TB,TOR,3,5,1,3,2021/07/11
TB,ATL,3,4,7,6,2021/07/16
TB,ATL,3,4,0,9,2021/07/17
TB,ATL,3,4,7,5,2021/07/18
TB,BAL,3,2,9,3,2021/07/20
TB,CLE,3,4,5,4,2021/07/22
TB,CLE,3,4,10,5,2021/07/23
TB,CLE,4,3,8,2,2021/07/24
TB,CLE,3,5,2,3,2021/07/25
TB,NYY,3,5,3,4,2021/07/27
TB,NYY,3,1,1,3,2021/07/28
TB,NYY,3,5,14,0,2021/07/29
TB,BOS,3,5,7,3,2021/07/30
TB,BOS,3,5,9,5,2021/07/31
TB,BOS,3,5,3,2,2021/08/01
TB,SEA,4,3,2,8,2021/08/02
TB,SEA,4,3,2,4,2021/08/03
TB,SEA,4,3,4,3,2021/08/04
TB,BAL,4,2,10,6,2021/08/06
TB,BAL,3,2,12,3,2021/08/07
TB,BAL,3,2,9,6,2021/08/08
TB,BOS,3,5,8,4,2021/08/10
TB,BOS,4,5,8,20,2021/08/11
TB,BOS,4,5,8,1,2021/08/12
TB,MIN,3,4,4,5,2021/08/15
TB,BAL,3,2,10,0,2021/08/17
TB,BAL,3,2,8,4,2021/08/18
TB,BAL,3,2,7,2,2021/08/19
TB,CHW,3,2,8,4,2021/08/21
TB,CHW,3,2,9,0,2021/08/22
TB,PHI,3,4,3,1,2021/08/24
TB,PHI,3,4,7,4,2021/08/25
TB,BAL,3,2,6,3,2021/08/27
TB,BAL,3,2,4,3,2021/08/28
TB,BOS,3,5,6,1,2021/08/30
TB,BOS,3,5,8,5,2021/08/31
TB,BOS,3,5,2,3,2021/09/01
TB,BOS,3,5,0,4,2021/09/02
TB,MIN,3,4,5,3,2021/09/03
TB,MIN,3,4,11,4,2021/09/04
TB,MIN,3,4,5,6,2021/09/05
TB,BOS,3,5,11,10,2021/09/06
TB,BOS,4,5,12,7,2021/09/07
TB,BOS,3,5,1,2,2021/09/08
TB,DET,4,3,7,2,2021/09/11
TB,DET,2,3,7,8,2021/09/12
TB,TOR,4,2,1,8,2021/09/13
TB,DET,3,4,5,2,2021/09/16
TB,DET,2,4,7,4,2021/09/17
TB,DET,3,4,3,4,2021/09/18
TB,DET,3,4,0,2,2021/09/19
TB,TOR,3,5,6,4,2021/09/20
TB,TOR,3,5,2,4,2021/09/21
TB,TOR,3,5,7,1,2021/09/22
TB,MIA,3,2,8,0,2021/09/24
TB,MIA,3,2,7,3,2021/09/25
TB,MIA,3,2,3,2,2021/09/26
TB,NYY,3,5,4,3,2021/10/01
TB,NYY,3,5,12,2,2021/10/02
TB,NYY,3,5,0,1,2021/10/03
TB,BOS,2,3,6,14,2021/10/08
TB,BOS,3,5,5,6,2021/10/11
KC,BAL,3,2,5,4,2019/08/19
KC,BAL,3,2,1,4,2019/08/20
KC,BAL,3,2,1,8,2019/08/21
KC,CLE,3,4,1,4,2019/08/23
KC,CLE,3,4,2,4,2019/08/24
KC,CLE,3,4,9,8,2019/08/25
KC,BAL,3,2,7,5,2019/08/31
KC,BAL,3,2,6,4,2019/09/01
KC,DET,3,4,6,5,2019/09/04
KC,DET,3,4,5,4,2019/09/05
KC,MIA,4,2,7,2,2019/09/07
KC,MIA,4,2,0,9,2019/09/08
KC,HOU,4,7,1,4,2019/09/14
KC,HOU,3,7,3,12,2019/09/15
KC,OAK,3,4,0,1,2019/09/18
KC,MIN,3,4,5,8,2019/09/19
KC,MIN,3,4,3,4,2019/09/21
KC,MIN,3,4,8,12,2019/09/22
KC,ATL,3,2,9,6,2019/09/25
KC,ATL,3,2,2,10,2019/09/26
KC,MIN,3,4,2,6,2019/09/28
KC,MIN,3,4,5,4,2019/09/29
KC,CLE,3,4,0,2,2020/07/24
KC,CLE,3,4,2,9,2020/07/26
KC,DET,3,4,14,6,2020/07/27
KC,DET,3,4,4,5,2020/07/29
KC,DET,3,4,5,3,2020/07/30
KC,MIN,3,4,9,6,2020/08/08
KC,MIN,3,4,4,2,2020/08/09
KC,CIN,3,4,5,6,2020/08/11
KC,CIN,2,4,5,4,2020/08/12
KC,MIN,3,4,2,4,2020/08/15
KC,MIN,3,4,2,4,2020/08/16
KC,MIN,3,4,1,4,2020/08/18
KC,CIN,3,4,4,0,2020/08/19
KC,CIN,3,4,0,5,2020/08/20
KC,MIN,3,4,2,7,2020/08/22
KC,MIN,3,4,4,5,2020/08/23
KC,STL,3,4,5,4,2020/08/26
KC,STL,3,4,5,6,2020/08/27
KC,CHW,3,2,5,6,2020/08/28
KC,CHW,3,2,9,6,2020/08/29
KC,CLE,3,4,2,1,2020/09/01
KC,CLE,3,4,1,10,2020/09/02
KC,CLE,3,4,0,5,2020/09/03
KC,CHW,3,2,6,11,2020/09/04
KC,CHW,3,2,3,5,2020/09/05
KC,CHW,3,2,2,8,2020/09/06
KC,CLE,3,4,2,5,2020/09/07
KC,CLE,3,4,8,6,2020/09/08
KC,CLE,3,4,3,0,2020/09/09
KC,CLE,3,4,11,1,2020/09/10
KC,DET,3,4,4,0,2020/09/16
KC,MIL,3,5,5,9,2020/09/19
KC,MIL,4,5,3,5,2020/09/20
KC,DET,3,4,3,2,2020/09/26
KC,TEX,3,5,14,10,2021/04/01
KC,TEX,3,5,11,4,2021/04/03
KC,TEX,3,5,3,7,2021/04/04
KC,CLE,3,4,3,0,2021/04/05
KC,CLE,3,4,2,4,2021/04/07
KC,CHW,3,2,0,6,2021/04/08
KC,CHW,3,2,4,3,2021/04/11
KC,LAA,3,2,3,10,2021/04/13
KC,LAA,3,2,6,1,2021/04/14
KC,TOR,3,4,7,5,2021/04/16
KC,TOR,3,4,1,5,2021/04/17
KC,TOR,3,4,2,0,2021/04/18
KC,DET,3,4,6,2,2021/04/23
KC,DET,3,4,2,1,2021/04/24
KC,MIN,3,4,11,3,2021/05/01
KC,MIN,3,4,4,13,2021/05/02
KC,CLE,3,4,6,8,2021/05/04
KC,CLE,3,4,3,7,2021/05/05
KC,CLE,3,4,4,5,2021/05/06
KC,CHW,3,2,0,3,2021/05/08
KC,CHW,3,2,3,9,2021/05/09
KC,DET,3,4,2,4,2021/05/12
KC,CHW,3,2,6,2,2021/05/14
KC,CHW,3,2,5,1,2021/05/15
KC,MIL,3,2,2,0,2021/05/19
KC,MIL,3,2,6,4,2021/05/20
KC,DET,3,4,5,7,2021/05/22
KC,MIN,3,4,8,3,2021/05/29
KC,MIN,3,4,6,3,2021/05/30
KC,MIN,3,4,6,5,2021/06/04
KC,MIN,1,4,4,5,2021/06/05
KC,MIN,3,4,1,2,2021/06/06
KC,LAA,4,2,3,8,2021/06/08
KC,LAA,3,2,1,8,2021/06/09
KC,LAA,4,2,1,6,2021/06/10
KC,DET,3,4,3,10,2021/06/15
KC,DET,3,4,3,4,2021/06/16
KC,BOS,3,5,5,3,2021/06/19
KC,BOS,3,5,7,3,2021/06/20
KC,NYY,3,4,6,5,2021/06/22
KC,NYY,3,4,5,6,2021/06/23
KC,NYY,3,4,1,8,2021/06/24
KC,TEX,3,5,0,8,2021/06/26
KC,TEX,3,4,1,4,2021/06/27
KC,BOS,3,5,5,6,2021/06/28
KC,BOS,3,5,6,7,2021/06/29
KC,BOS,3,5,2,6,2021/06/30
KC,BOS,3,5,1,15,2021/07/01
KC,MIN,3,4,6,3,2021/07/03
KC,MIN,3,4,2,6,2021/07/04
KC,CIN,3,4,2,6,2021/07/06
KC,CIN,3,4,7,6,2021/07/07
KC,CLE,3,5,4,7,2021/07/08
KC,BAL,3,2,4,8,2021/07/17
KC,BAL,3,2,0,5,2021/07/18
KC,MIL,3,2,5,2,2021/07/20
KC,MIL,3,2,6,3,2021/07/21
KC,CHW,3,2,4,3,2021/07/27
KC,CHW,4,3,3,5,2021/07/28
KC,TOR,3,4,4,6,2021/07/30
KC,TOR,3,5,1,5,2021/08/01
KC,CHW,3,2,1,7,2021/08/04
KC,CHW,3,2,9,1,2021/08/05
KC,NYY,3,5,6,8,2021/08/10
KC,NYY,3,5,2,5,2021/08/11
KC,STL,3,4,2,7,2021/08/15
KC,HOU,3,2,7,1,2021/08/24
KC,HOU,4,2,5,6,2021/08/25
KC,SEA,6,3,6,4,2021/08/27
KC,SEA,4,3,3,4,2021/08/29
KC,CLE,3,5,2,7,2021/09/01
KC,CLE,3,5,3,5,2021/09/02
KC,CLE,3,4,2,4,2021/09/03
KC,CHW,3,2,7,2,2021/09/04
KC,CHW,3,2,6,0,2021/09/05
KC,BAL,3,2,3,2,2021/09/06
KC,BAL,3,2,3,7,2021/09/07
KC,BAL,3,2,8,9,2021/09/08
KC,BAL,3,2,6,0,2021/09/09
KC,MIN,3,4,2,9,2021/09/11
KC,MIN,3,4,5,3,2021/09/12
KC,SEA,3,4,2,6,2021/09/18
KC,CLE,3,5,7,2,2021/09/20
KC,CLE,4,5,1,4,2021/09/21
KC,DET,5,4,1,5,2021/09/25
KC,DET,2,4,2,1,2021/09/26
KC,CLE,3,4,3,8,2021/09/27
KC,CLE,3,4,6,4,2021/09/29
KC,MIN,3,4,0,4,2021/10/02
MIL,ARI,4,3,6,1,2019/08/24
MIL,ARI,4,3,2,5,2019/08/25
MIL,CHC,2,3,1,7,2019/08/30
MIL,CHC,2,5,2,0,2019/08/31
MIL,CHC,2,3,4,0,2019/09/01
MIL,CHC,2,3,5,10,2019/09/05
MIL,CHC,2,3,3,2,2019/09/07
MIL,CHC,2,3,8,5,2019/09/08
MIL,MIA,3,2,8,3,2019/09/09
MIL,MIA,3,2,7,5,2019/09/11
MIL,MIA,3,2,3,2,2019/09/12
MIL,STL,3,5,7,6,2019/09/15
MIL,SD,3,2,5,1,2019/09/16
MIL,SD,4,2,3,1,2019/09/17
MIL,SD,5,2,1,2,2019/09/18
MIL,SD,5,2,5,1,2019/09/19
MIL,WSH,4,3,3,4,2019/10/02
MIL,CHC,4,3,0,3,2020/07/24
MIL,CHC,4,3,8,3,2020/07/25
MIL,CHC,5,3,1,9,2020/07/26
MIL,CHW,5,3,4,6,2020/08/04
MIL,CHW,5,3,2,3,2020/08/05
MIL,CHW,2,3,1,0,2020/08/06
MIL,CIN,2,4,3,8,2020/08/08
MIL,CIN,2,4,9,3,2020/08/09
MIL,MIN,2,4,2,4,2020/08/11
MIL,MIN,2,4,6,4,2020/08/12
MIL,CHC,2,5,2,4,2020/08/13
MIL,CHC,2,3,6,5,2020/08/15
MIL,CHC,2,3,6,5,2020/08/16
MIL,MIN,2,4,3,4,2020/08/19
MIL,MIN,2,4,1,7,2020/08/20
MIL,CIN,5,4,4,2,2020/08/25
MIL,CIN,2,4,3,2,2020/08/26
MIL,CIN,2,4,1,6,2020/08/27
MIL,DET,2,4,1,12,2020/09/01
MIL,DET,2,3,8,5,2020/09/02
MIL,CLE,2,4,7,1,2020/09/04
MIL,CLE,2,4,3,4,2020/09/05
MIL,CLE,2,4,1,4,2020/09/06
MIL,DET,2,4,3,8,2020/09/08
MIL,DET,2,4,19,0,2020/09/09
MIL,CHC,4,1,2,4,2020/09/12
MIL,CHC,4,1,0,12,2020/09/13
MIL,STL,2,4,2,1,2020/09/14
MIL,STL,4,3,18,3,2020/09/15
MIL,CIN,5,4,3,6,2020/09/21
MIL,CIN,5,4,3,2,2020/09/22
MIL,CIN,5,4,1,6,2020/09/23
MIL,STL,5,3,2,4,2020/09/25
MIL,STL,5,3,1,9,2020/09/26
MIL,LAD,5,3,2,4,2020/10/01
MIL,LAD,4,3,0,3,2020/10/02
MIL,CHC,4,0,3,5,2021/04/05
MIL,CHC,4,6,4,0,2021/04/06
MIL,CHC,4,6,4,2,2021/04/07
MIL,STL,4,5,9,5,2021/04/10
MIL,STL,2,5,9,3,2021/04/11
MIL,CHC,2,1,6,3,2021/04/12
MIL,CHC,2,3,2,3,2021/04/13
MIL,CHC,2,1,7,0,2021/04/14
MIL,SD,3,2,3,1,2021/04/20
MIL,SD,3,4,6,0,2021/04/21
MIL,CHC,3,2,2,15,2021/04/23
MIL,CHC,3,2,6,0,2021/04/25
MIL,MIA,2,3,2,6,2021/04/28
MIL,LAD,2,4,2,1,2021/04/29
MIL,LAD,2,5,3,1,2021/05/01
MIL,LAD,2,5,4,16,2021/05/02
MIL,PHI,2,4,3,4,2021/05/03
MIL,PHI,5,4,5,6,2021/05/04
MIL,PHI,5,4,4,5,2021/05/05
MIL,PHI,5,4,0,2,2021/05/06
MIL,MIA,2,3,1,6,2021/05/07
MIL,MIA,2,3,6,2,2021/05/08
MIL,MIA,2,3,2,1,2021/05/09
MIL,STL,2,4,1,6,2021/05/11
MIL,STL,2,4,4,1,2021/05/12
MIL,STL,2,4,0,2,2021/05/13
MIL,CIN,2,4,4,9,2021/05/21
MIL,CIN,2,4,4,3,2021/05/22
MIL,CIN,2,4,9,4,2021/05/23
MIL,SD,2,3,5,3,2021/05/24
MIL,SD,2,3,1,7,2021/05/25
MIL,SD,2,3,1,2,2021/05/26
MIL,SD,2,3,6,5,2021/05/27
MIL,WSH,2,3,4,1,2021/05/29
MIL,WSH,2,5,3,0,2021/05/30
MIL,DET,2,4,3,2,2021/05/31
MIL,DET,2,4,7,10,2021/06/01
MIL,ARI,2,3,7,4,2021/06/03
MIL,ARI,2,3,5,1,2021/06/05
MIL,ARI,4,3,2,0,2021/06/06
MIL,CIN,5,4,3,7,2021/06/09
MIL,CIN,5,4,7,2,2021/06/10
MIL,CIN,5,2,2,10,2021/06/15
MIL,CIN,3,2,1,2,2021/06/16
MIL,COL,2,3,3,7,2021/06/18
MIL,COL,2,3,5,6,2021/06/19
MIL,COL,2,3,6,5,2021/06/20
MIL,ARI,2,4,1,5,2021/06/22
MIL,COL,2,3,5,4,2021/06/25
MIL,COL,2,3,10,4,2021/06/26
MIL,COL,2,3,5,0,2021/06/27
MIL,CHC,4,1,14,4,2021/06/29
MIL,CHC,4,1,15,7,2021/06/30
MIL,CIN,3,4,3,4,2021/07/10
MIL,CIN,2,4,1,3,2021/07/11
MIL,CIN,2,4,11,6,2021/07/16
MIL,CIN,2,4,7,4,2021/07/17
MIL,CIN,2,4,8,0,2021/07/18
MIL,CHW,3,2,1,3,2021/07/25
MIL,ATL,4,3,9,5,2021/07/30
MIL,ATL,4,3,1,8,2021/07/31
MIL,ATL,4,3,2,1,2021/08/01
MIL,CHC,4,3,4,2,2021/08/10
MIL,CHC,2,3,6,3,2021/08/11
MIL,CHC,2,3,10,0,2021/08/12
MIL,STL,4,3,4,8,2021/08/19
MIL,WSH,4,3,9,6,2021/08/21
MIL,WSH,4,5,7,3,2021/08/22
MIL,CIN,4,2,7,4,2021/08/25
MIL,MIN,2,4,4,6,2021/08/28
MIL,MIN,2,4,6,2,2021/08/29
MIL,SF,2,3,3,1,2021/08/31
MIL,SF,2,3,6,2,2021/09/01
MIL,SF,2,3,1,5,2021/09/02
MIL,STL,2,3,4,0,2021/09/04
MIL,STL,5,4,6,5,2021/09/05
MIL,PHI,3,2,4,3,2021/09/08
MIL,CLE,3,4,10,3,2021/09/10
MIL,DET,4,3,0,1,2021/09/14
MIL,DET,5,4,1,4,2021/09/15
MIL,CHC,4,3,8,5,2021/09/18
MIL,CHC,4,2,4,6,2021/09/19
MIL,STL,4,3,2,5,2021/09/20
MIL,STL,4,3,1,2,2021/09/21
MIL,STL,3,2,2,10,2021/09/22
MIL,NYM,2,4,2,1,2021/09/25
MIL,NYM,2,4,8,4,2021/09/26
MIL,STL,2,4,2,6,2021/09/28
MIL,STL,2,4,4,0,2021/09/29
MIL,STL,2,4,3,4,2021/09/30
MIL,LAD,5,3,6,8,2021/10/02
MIL,LAD,2,3,3,8,2021/10/03
MIL,ATL,3,2,2,1,2021/10/08
MIL,ATL,2,4,0,3,2021/10/11
MIL,ATL,2,4,4,5,2021/10/12
BAL,BOS,2,5,7,13,2019/08/18
BAL,TEX,2,1,1,3,2019/09/05
BAL,TEX,2,1,6,7,2019/09/06
BAL,TEX,2,1,4,9,2019/09/07
BAL,TEX,2,3,4,10,2019/09/08
BAL,LAD,2,3,3,7,2019/09/10
BAL,LAD,2,3,7,3,2019/09/11
BAL,DET,3,4,6,2,2019/09/13
BAL,DET,3,4,4,8,2019/09/14
BAL,DET,3,4,8,2,2019/09/15
BAL,DET,2,4,2,5,2019/09/16
BAL,TOR,2,4,5,8,2019/09/17
BAL,TOR,2,5,10,11,2019/09/18
BAL,TOR,2,5,4,8,2019/09/19
BAL,SEA,2,4,5,3,2019/09/20
BAL,SEA,2,4,6,7,2019/09/21
BAL,TOR,2,5,10,11,2019/09/23
BAL,TOR,3,5,11,4,2019/09/24
BAL,TOR,3,5,2,3,2019/09/25
BAL,BOS,3,5,4,1,2019/09/27
BAL,BOS,2,6,2,13,2020/07/24
BAL,BOS,2,5,7,2,2020/07/25
BAL,BOS,2,5,7,4,2020/07/26
BAL,NYY,2,5,3,9,2020/07/29
BAL,NYY,3,5,6,8,2020/07/30
BAL,MIA,3,2,7,8,2020/08/06
BAL,WSH,2,3,11,0,2020/08/07
BAL,WSH,2,5,5,3,2020/08/08
BAL,WSH,2,3,6,2,2020/08/09
BAL,PHI,2,4,10,9,2020/08/11
BAL,PHI,2,4,5,4,2020/08/12
BAL,PHI,2,4,11,4,2020/08/13
BAL,WSH,3,5,7,3,2020/08/15
BAL,WSH,3,5,5,6,2020/08/16
BAL,TOR,3,2,2,5,2020/08/19
BAL,BOS,3,5,1,7,2020/08/20
BAL,BOS,3,5,5,8,2020/08/21
BAL,BOS,2,5,5,4,2020/08/22
BAL,BOS,2,5,5,4,2020/08/23
BAL,TOR,2,5,4,5,2020/08/28
BAL,TOR,3,5,0,5,2020/08/29
BAL,TOR,2,5,5,6,2020/08/30
BAL,TOR,2,5,4,3,2020/08/31
BAL,NYM,3,4,9,5,2020/09/01
BAL,NYM,2,4,4,9,2020/09/02
BAL,NYY,2,3,5,6,2020/09/04
BAL,NYY,2,3,6,1,2020/09/05
BAL,NYY,2,3,5,1,2020/09/06
BAL,NYM,2,1,11,2,2020/09/08
BAL,NYM,3,1,6,7,2020/09/09
BAL,NYY,2,5,1,2,2020/09/12
BAL,NYY,2,5,1,3,2020/09/13
BAL,ATL,2,3,1,5,2020/09/15
BAL,ATL,2,3,5,1,2020/09/16
BAL,BOS,3,4,1,9,2020/09/23
BAL,BOS,3,4,13,1,2020/09/24
BAL,TOR,3,4,5,10,2020/09/25
BAL,TOR,3,5,2,5,2020/09/26
BAL,TOR,3,4,7,5,2020/09/27
BAL,BOS,2,3,3,0,2021/04/02
BAL,BOS,2,5,4,2,2021/04/03
BAL,BOS,2,5,11,3,2021/04/04
BAL,NYY,2,5,0,7,2021/04/05
BAL,NYY,2,5,2,7,2021/04/06
BAL,NYY,2,5,4,3,2021/04/07
BAL,BOS,2,5,3,7,2021/04/08
BAL,SEA,2,4,3,4,2021/04/13
BAL,SEA,2,4,2,4,2021/04/15
BAL,TEX,3,5,6,1,2021/04/17
BAL,TEX,2,5,0,1,2021/04/18
BAL,OAK,3,4,8,1,2021/04/25
BAL,NYY,2,3,0,7,2021/04/28
BAL,NYY,3,4,4,3,2021/04/29
BAL,SEA,2,3,5,3,2021/05/04
BAL,SEA,2,3,6,0,2021/05/05
BAL,BOS,2,5,4,1,2021/05/10
BAL,NYM,2,4,2,3,2021/05/11
BAL,NYM,2,4,1,7,2021/05/12
BAL,NYY,3,5,4,5,2021/05/14
BAL,NYY,3,5,2,8,2021/05/15
BAL,NYY,3,4,10,6,2021/05/16
BAL,MIN,2,4,3,8,2021/05/24
BAL,MIN,2,4,4,7,2021/05/25
BAL,MIN,2,4,2,3,2021/05/26
BAL,MIN,3,4,2,3,2021/05/31
BAL,MIN,3,4,7,4,2021/06/01
BAL,MIN,3,4,6,3,2021/06/02
BAL,CLE,3,1,3,1,2021/06/04
BAL,CLE,3,1,4,10,2021/06/05
BAL,CLE,3,1,18,5,2021/06/06
BAL,NYM,2,4,10,3,2021/06/08
BAL,NYM,3,4,1,14,2021/06/09
BAL,CLE,2,4,3,4,2021/06/14
BAL,CLE,2,4,2,7,2021/06/15
BAL,CLE,2,4,7,8,2021/06/16
BAL,CLE,2,4,3,10,2021/06/17
BAL,TOR,2,4,7,1,2021/06/18
BAL,TOR,3,4,7,10,2021/06/19
BAL,TOR,3,5,4,7,2021/06/20
BAL,HOU,2,3,1,3,2021/06/22
BAL,TOR,2,4,6,5,2021/06/25
BAL,TOR,2,4,4,12,2021/06/26
BAL,TOR,3,2,2,5,2021/06/27
BAL,HOU,2,3,13,3,2021/06/30
BAL,LAA,2,3,7,8,2021/07/03
BAL,LAA,2,5,1,4,2021/07/04
BAL,TOR,2,6,7,5,2021/07/06
BAL,TOR,2,5,2,10,2021/07/07
BAL,WSH,2,3,5,4,2021/07/25
BAL,DET,2,3,2,6,2021/07/29
BAL,DET,2,3,4,3,2021/07/30
BAL,DET,2,3,5,2,2021/07/31
BAL,DET,2,4,2,6,2021/08/01
BAL,NYY,2,3,7,1,2021/08/02
BAL,NYY,2,3,1,13,2021/08/03
BAL,NYY,2,3,3,10,2021/08/04
BAL,DET,2,3,4,9,2021/08/10
BAL,BOS,2,5,1,8,2021/08/13
BAL,BOS,2,5,2,16,2021/08/14
BAL,BOS,2,5,2,6,2021/08/15
BAL,ATL,3,4,0,3,2021/08/20
BAL,ATL,3,4,4,5,2021/08/21
BAL,ATL,3,4,1,3,2021/08/22
BAL,LAA,3,2,8,14,2021/08/24
BAL,LAA,3,2,13,1,2021/08/26
BAL,TOR,3,4,3,7,2021/08/30
BAL,TOR,3,4,4,2,2021/08/31
BAL,TOR,3,4,4,5,2021/09/01
BAL,NYY,2,5,3,4,2021/09/03
BAL,NYY,2,5,4,3,2021/09/04
BAL,NYY,2,7,8,7,2021/09/05
BAL,TOR,2,5,10,11,2021/09/11
BAL,NYY,2,5,2,7,2021/09/14
BAL,NYY,2,5,3,4,2021/09/15
BAL,NYY,2,5,3,2,2021/09/16
BAL,BOS,2,5,1,7,2021/09/17
BAL,BOS,2,5,3,9,2021/09/18
BAL,BOS,2,5,6,8,2021/09/19
BAL,PHI,2,4,2,0,2021/09/20
BAL,PHI,2,4,2,3,2021/09/21
BAL,PHI,3,4,3,4,2021/09/22
BAL,TEX,3,1,3,0,2021/09/23
BAL,TEX,3,2,5,8,2021/09/24
BAL,TEX,3,2,3,2,2021/09/25
BAL,TEX,3,1,4,7,2021/09/26
BAL,BOS,3,5,4,2,2021/09/28
BAL,BOS,3,5,0,6,2021/09/29
BAL,BOS,3,5,6,2,2021/09/30
BAL,TOR,3,4,4,6,2021/10/01
BAL,TOR,3,4,1,10,2021/10/02
BAL,TOR,3,4,4,12,2021/10/03
TEX,LAA,4,2,8,7,2019/08/20
TEX,LAA,4,2,3,2,2019/08/21
TEX,CHW,5,3,4,0,2019/08/24
TEX,CHW,4,2,0,2,2019/08/25
TEX,LAA,4,2,2,5,2019/08/28
TEX,LAA,6,2,3,0,2019/08/29
TEX,SEA,5,4,3,5,2019/08/30
TEX,SEA,5,4,6,3,2019/08/31
TEX,SEA,5,4,3,11,2019/09/01
TEX,NYY,2,5,7,0,2019/09/02
TEX,NYY,1,5,1,4,2019/09/04
TEX,OAK,5,3,9,14,2019/09/14
TEX,OAK,5,3,6,8,2019/09/15
TEX,HOU,5,7,1,4,2019/09/18
TEX,HOU,4,7,2,3,2019/09/19
TEX,OAK,4,3,0,8,2019/09/21
TEX,BOS,4,5,7,5,2019/09/26
TEX,COL,4,3,1,0,2020/07/25
TEX,COL,5,3,2,5,2020/07/26
TEX,ARI,4,3,7,4,2020/07/29
TEX,SF,4,3,2,9,2020/08/01
TEX,OAK,4,3,1,5,2020/08/05
TEX,OAK,1,3,4,6,2020/08/06
TEX,LAA,4,2,2,0,2020/08/08
TEX,LAA,4,3,7,3,2020/08/09
TEX,SEA,6,4,2,10,2020/08/11
TEX,SEA,6,4,7,4,2020/08/13
TEX,COL,4,3,3,2,2020/08/15
TEX,COL,4,3,6,10,2020/08/16
TEX,SD,5,2,4,14,2020/08/18
TEX,SD,5,2,3,6,2020/08/20
TEX,SD,5,2,7,8,2020/08/21
TEX,SEA,5,4,4,7,2020/08/22
TEX,SEA,5,3,1,10,2020/08/23
TEX,OAK,5,3,3,2,2020/08/25
TEX,OAK,5,3,3,10,2020/08/26
TEX,OAK,5,3,1,3,2020/08/27
TEX,LAD,6,3,6,2,2020/08/29
TEX,LAD,4,3,2,7,2020/08/30
TEX,HOU,4,2,6,5,2020/09/02
TEX,HOU,4,5,1,2,2020/09/03
TEX,SEA,1,4,4,8,2020/09/07
TEX,LAA,5,2,7,1,2020/09/09
TEX,LAA,5,2,7,3,2020/09/10
TEX,OAK,5,3,5,2,2020/09/12
TEX,OAK,5,3,6,3,2020/09/13
TEX,LAA,5,2,2,6,2020/09/19
TEX,LAA,5,2,7,2,2020/09/20
TEX,LAA,5,2,5,8,2020/09/21
TEX,ARI,5,3,3,7,2020/09/23
TEX,HOU,5,4,4,12,2020/09/25
TEX,HOU,5,4,5,4,2020/09/26
TEX,TOR,5,4,2,6,2021/04/05
TEX,TOR,5,4,7,4,2021/04/07
TEX,SD,5,2,0,3,2021/04/10
TEX,SD,5,2,0,2,2021/04/11
TEX,LAA,6,2,6,4,2021/04/20
TEX,LAA,4,2,2,6,2021/04/21
TEX,CHW,4,2,7,9,2021/04/24
TEX,CHW,4,2,4,8,2021/04/25
TEX,LAA,5,2,4,9,2021/04/27
TEX,LAA,5,2,6,1,2021/04/28
TEX,LAA,5,2,3,4,2021/04/29
TEX,BOS,5,3,4,1,2021/04/30
TEX,BOS,5,3,8,6,2021/05/01
TEX,BOS,5,3,5,3,2021/05/02
TEX,MIN,5,4,5,6,2021/05/03
TEX,MIN,5,4,6,3,2021/05/04
TEX,MIN,5,4,3,1,2021/05/05
TEX,MIN,5,4,4,3,2021/05/06
TEX,SEA,4,3,4,5,2021/05/08
TEX,SEA,4,3,10,2,2021/05/09
TEX,SF,4,3,1,3,2021/05/11
TEX,HOU,4,2,3,4,2021/05/14
TEX,HOU,4,3,4,10,2021/05/15
TEX,HOU,4,2,2,6,2021/05/16
TEX,NYY,5,4,4,7,2021/05/19
TEX,NYY,5,4,0,2,2021/05/20
TEX,HOU,5,3,7,5,2021/05/22
TEX,HOU,5,3,3,2,2021/05/23
TEX,LAA,5,2,8,9,2021/05/26
TEX,SEA,5,4,0,5,2021/05/28
TEX,SEA,5,4,2,3,2021/05/29
TEX,SEA,5,4,2,4,2021/05/30
TEX,SF,6,3,4,3,2021/06/09
TEX,LAD,6,5,1,12,2021/06/12
TEX,LAD,6,3,3,5,2021/06/13
TEX,HOU,5,2,4,8,2021/06/17
TEX,MIN,5,4,2,3,2021/06/19
TEX,MIN,5,4,2,4,2021/06/20
TEX,OAK,5,3,8,3,2021/06/22
TEX,OAK,5,3,6,13,2021/06/23
TEX,OAK,5,3,1,5,2021/06/24
TEX,OAK,4,3,5,4,2021/06/30
TEX,OAK,4,3,1,3,2021/07/01
TEX,SEA,3,4,4,5,2021/07/03
TEX,SEA,3,4,1,4,2021/07/04
TEX,DET,5,3,3,7,2021/07/06
TEX,DET,5,3,10,5,2021/07/07
TEX,OAK,5,3,4,8,2021/07/10
TEX,OAK,5,3,1,4,2021/07/11
TEX,TOR,5,3,2,10,2021/07/16
TEX,TOR,5,3,0,5,2021/07/18
TEX,DET,5,4,0,14,2021/07/19
TEX,DET,5,3,1,4,2021/07/20
TEX,DET,2,4,2,4,2021/07/21
TEX,DET,2,4,5,7,2021/07/22
TEX,HOU,2,3,1,4,2021/07/24
TEX,HOU,1,3,1,3,2021/07/25
TEX,ARI,1,3,5,4,2021/07/28
TEX,ARI,1,3,2,3,2021/07/29
TEX,SEA,3,4,5,9,2021/07/31
TEX,SEA,5,3,4,3,2021/08/01
TEX,LAA,5,2,4,1,2021/08/03
TEX,LAA,5,2,3,11,2021/08/04
TEX,LAA,5,2,1,2,2021/08/05
TEX,OAK,5,3,3,12,2021/08/07
TEX,OAK,5,3,3,6,2021/08/08
TEX,SEA,5,3,5,4,2021/08/11
TEX,SEA,5,3,1,2,2021/08/12
TEX,OAK,5,3,3,8,2021/08/14
TEX,OAK,5,3,7,4,2021/08/15
TEX,SEA,5,3,1,3,2021/08/18
TEX,SEA,5,3,1,3,2021/08/19
TEX,CLE,5,4,7,3,2021/08/24
TEX,CLE,5,4,2,7,2021/08/25
TEX,CLE,5,4,6,10,2021/08/26
TEX,HOU,5,2,4,5,2021/08/28
TEX,HOU,5,2,13,2,2021/08/29
TEX,COL,5,3,4,3,2021/08/31
TEX,COL,5,3,5,9,2021/09/01
TEX,LAA,5,2,2,3,2021/09/04
TEX,LAA,5,2,1,4,2021/09/05
TEX,LAA,5,2,4,0,2021/09/07
TEX,ARI,5,4,3,1,2021/09/08
TEX,OAK,5,3,8,6,2021/09/11
TEX,OAK,5,3,4,3,2021/09/12
TEX,HOU,5,2,1,15,2021/09/14
TEX,HOU,5,1,8,1,2021/09/15
TEX,HOU,5,3,2,7,2021/09/16
TEX,HOU,5,3,1,12,2021/09/17
TEX,CHW,5,2,2,1,2021/09/18
TEX,CHW,5,2,2,7,2021/09/19
TEX,NYY,5,1,3,4,2021/09/20
TEX,NYY,5,1,1,7,2021/09/21
TEX,LAA,5,2,5,2,2021/09/29
TEX,LAA,5,2,2,7,2021/09/30
TEX,CLE,5,3,6,9,2021/10/02
TEX,CLE,5,3,0,6,2021/10/03
ATL,WSH,4,3,5,0,2019/09/13
ATL,WSH,4,3,10,1,2019/09/14
ATL,WSH,4,3,0,7,2019/09/15
ATL,PHI,5,4,1,4,2019/09/18
ATL,SF,2,3,6,0,2019/09/20
ATL,SF,2,3,8,1,2019/09/21
ATL,SF,2,3,1,4,2019/09/22
ATL,NYM,2,4,2,4,2019/09/27
ATL,NYM,2,4,0,3,2019/09/28
ATL,NYM,2,4,6,7,2019/09/29
ATL,STL,2,5,6,7,2019/10/03
ATL,STL,2,4,3,0,2019/10/04
ATL,STL,2,5,3,1,2019/10/06
ATL,STL,4,5,4,5,2019/10/07
ATL,STL,4,5,1,13,2019/10/09
ATL,PHI,5,4,8,13,2020/08/10
ATL,NYY,4,5,6,9,2020/08/11
ATL,NYY,3,5,3,6,2020/08/12
ATL,MIA,4,2,2,8,2020/08/14
ATL,MIA,3,2,2,1,2020/08/15
ATL,MIA,3,2,4,0,2020/08/16
ATL,PHI,3,2,11,2,2020/08/21
ATL,PHI,3,4,6,5,2020/08/22
ATL,PHI,3,4,4,5,2020/08/23
ATL,NYY,4,5,5,1,2020/08/26
ATL,PHI,5,4,4,7,2020/08/28
ATL,PHI,5,4,12,10,2020/08/30
ATL,BOS,3,5,6,3,2020/08/31
ATL,BOS,3,5,10,3,2020/09/01
ATL,BOS,3,5,7,5,2020/09/02
ATL,MIA,3,2,4,5,2020/09/07
ATL,MIA,3,2,0,8,2020/09/08
ATL,MIA,3,2,29,9,2020/09/09
ATL,NYM,4,5,15,2,2020/09/18
ATL,NYM,3,4,2,7,2020/09/19
ATL,NYM,3,4,7,0,2020/09/20
ATL,MIA,3,2,5,4,2020/09/21
ATL,MIA,4,2,11,1,2020/09/22
ATL,MIA,4,2,9,4,2020/09/23
ATL,MIA,3,2,2,4,2020/09/24
ATL,BOS,4,3,8,7,2020/09/25
ATL,BOS,4,3,1,9,2020/09/27
ATL,CIN,3,4,1,0,2020/09/30
ATL,CIN,4,3,5,0,2020/10/01
ATL,MIA,4,2,9,5,2020/10/06
ATL,MIA,4,2,2,0,2020/10/07
ATL,MIA,4,2,7,0,2020/10/08
ATL,LAD,4,3,5,1,2020/10/13
ATL,LAD,4,3,3,4,2020/10/19
ATL,WSH,4,3,5,6,2021/04/06
ATL,WSH,4,3,7,6,2021/04/07
ATL,MIA,4,2,3,5,2021/04/12
ATL,MIA,4,2,8,14,2021/04/13
ATL,MIA,4,2,5,6,2021/04/14
ATL,MIA,4,2,7,6,2021/04/15
ATL,CHC,4,3,5,2,2021/04/16
ATL,CHC,4,1,4,13,2021/04/17
ATL,CHC,4,1,13,4,2021/04/18
ATL,NYY,4,1,1,3,2021/04/20
ATL,NYY,4,3,4,1,2021/04/21
ATL,ARI,4,3,5,4,2021/04/23
ATL,ARI,4,3,0,5,2021/04/25
ATL,CHC,4,2,8,7,2021/04/26
ATL,CHC,3,2,5,0,2021/04/27
ATL,CHC,4,2,10,0,2021/04/28
ATL,CHC,4,3,3,9,2021/04/29
ATL,TOR,3,4,5,13,2021/04/30
ATL,WSH,4,5,6,1,2021/05/04
ATL,WSH,4,5,5,3,2021/05/05
ATL,WSH,4,5,3,2,2021/05/06
ATL,TOR,4,5,3,5,2021/05/11
ATL,BOS,3,5,3,1,2021/05/25
ATL,BOS,3,4,5,9,2021/05/26
ATL,NYM,4,5,2,13,2021/05/29
ATL,WSH,4,5,5,3,2021/05/31
ATL,WSH,4,5,6,11,2021/06/01
ATL,WSH,4,5,3,5,2021/06/02
ATL,WSH,4,5,5,1,2021/06/03
ATL,LAD,4,3,5,9,2021/06/04
ATL,LAD,4,3,6,4,2021/06/05
ATL,MIA,4,2,2,4,2021/06/12
ATL,MIA,4,3,6,4,2021/06/13
ATL,BOS,2,5,8,10,2021/06/15
ATL,BOS,2,5,8,10,2021/06/16
ATL,STL,5,3,1,9,2021/06/20
ATL,NYM,2,5,2,4,2021/06/21
ATL,NYM,2,5,3,0,2021/06/22
ATL,NYM,2,5,3,7,2021/06/23
ATL,CIN,2,4,3,5,2021/06/24
ATL,CIN,2,4,3,2,2021/06/25
ATL,CIN,5,4,1,4,2021/06/26
ATL,CIN,5,3,4,0,2021/06/27
ATL,NYM,5,2,3,4,2021/06/29
ATL,NYM,4,2,4,3,2021/07/01
ATL,MIA,4,2,1,0,2021/07/02
ATL,MIA,4,2,2,3,2021/07/03
ATL,MIA,4,2,8,7,2021/07/04
ATL,MIA,4,2,5,0,2021/07/09
ATL,MIA,4,2,5,4,2021/07/10
ATL,MIA,4,2,4,7,2021/07/11
ATL,SD,4,3,2,1,2021/07/20
ATL,SD,4,3,2,3,2021/07/21
ATL,PHI,5,4,7,2,2021/07/22
ATL,PHI,2,4,15,3,2021/07/24
ATL,PHI,3,4,1,2,2021/07/25
ATL,NYM,3,4,2,0,2021/07/26
ATL,NYM,3,4,12,5,2021/07/27
ATL,NYM,3,4,1,2,2021/07/28
ATL,NYM,3,4,6,3,2021/07/29
ATL,STL,3,4,6,1,2021/08/04
ATL,STL,2,4,8,4,2021/08/06
ATL,WSH,2,5,8,4,2021/08/06
ATL,WSH,2,5,2,3,2021/08/07
ATL,WSH,4,3,5,4,2021/08/08
ATL,CIN,4,2,3,2,2021/08/10
ATL,CIN,4,2,8,6,2021/08/11
ATL,CIN,4,2,3,12,2021/08/12
ATL,WSH,4,5,4,2,2021/08/13
ATL,WSH,4,5,12,2,2021/08/14
ATL,WSH,4,5,6,5,2021/08/15
ATL,MIA,4,2,12,2,2021/08/16
ATL,MIA,4,2,2,0,2021/08/17
ATL,MIA,4,2,11,9,2021/08/18
ATL,NYY,4,5,1,5,2021/08/23
ATL,NYY,4,5,4,5,2021/08/24
ATL,SF,4,3,6,5,2021/08/27
ATL,SF,4,3,0,5,2021/08/28
ATL,SF,4,3,9,0,2021/08/29
ATL,LAD,4,5,3,5,2021/08/31
ATL,LAD,4,5,2,3,2021/09/01
ATL,COL,4,3,6,5,2021/09/03
ATL,COL,4,3,3,4,2021/09/04
ATL,COL,4,3,6,7,2021/09/05
ATL,WSH,2,3,8,5,2021/09/07
ATL,WSH,5,3,2,4,2021/09/08
ATL,MIA,3,2,6,2,2021/09/10
ATL,MIA,3,2,4,6,2021/09/11
ATL,MIA,3,2,5,3,2021/09/12
ATL,COL,4,3,2,3,2021/09/15
ATL,SF,4,1,5,6,2021/09/18
ATL,SF,4,1,0,2,2021/09/19
ATL,ARI,4,3,11,4,2021/09/21
ATL,ARI,4,3,6,1,2021/09/22
ATL,SD,3,2,10,8,2021/09/25
ATL,SD,4,3,4,3,2021/09/26
ATL,PHI,3,4,2,1,2021/09/28
ATL,PHI,5,4,7,2,2021/09/29
ATL,PHI,3,4,5,3,2021/09/30
ATL,NYM,5,4,3,4,2021/10/01
ATL,NYM,5,4,6,5,2021/10/02
ATL,LAD,4,3,5,4,2021/10/17
ATL,LAD,4,2,5,6,2021/10/19
ATL,LAD,4,2,9,2,2021/10/21
ATL,LAD,4,2,2,11,2021/10/22
ATL,LAD,4,2,4,2,2021/10/24
ATL,HOU,4,3,6,2,2021/10/27
ATL,HOU,4,3,2,7,2021/10/28
ATL,HOU,4,3,2,0,2021/10/30
ATL,HOU,4,3,3,2,2021/10/31
ATL,HOU,4,3,5,9,2021/11/01
ATL,HOU,4,3,7,0,2021/11/03
CIN,MIA,4,2,6,3,2019/08/26
CIN,MIA,3,2,8,5,2019/08/27
CIN,MIA,3,2,5,0,2019/08/28
CIN,MIA,3,2,3,4,2019/08/29
CIN,STL,3,4,6,10,2019/08/31
CIN,STL,3,4,5,3,2019/09/01
CIN,PHI,3,2,1,7,2019/09/02
CIN,PHI,3,2,2,6,2019/09/03
CIN,PHI,3,2,8,5,2019/09/04
CIN,PHI,3,4,4,3,2019/09/05
CIN,ARI,4,3,0,2,2019/09/07
CIN,ARI,4,3,4,3,2019/09/08
CIN,SEA,4,3,11,5,2019/09/13
CIN,ARI,4,3,4,3,2019/09/14
CIN,ARI,3,2,3,1,2019/09/15
CIN,NYM,3,4,1,8,2019/09/20
CIN,DET,3,4,7,1,2020/07/24
CIN,DET,3,2,2,7,2020/07/31
CIN,DET,3,4,4,0,2020/08/02
CIN,CLE,4,3,0,2,2020/08/05
CIN,CLE,4,8,0,13,2020/08/06
CIN,STL,4,2,4,5,2020/08/21
CIN,STL,3,5,4,2,2020/08/22
CIN,STL,4,5,0,3,2020/08/23
CIN,CHC,4,3,6,5,2020/08/28
CIN,MIL,4,2,6,0,2020/08/28
CIN,CHC,4,3,6,5,2020/08/29
CIN,CHC,4,3,1,10,2020/08/30
CIN,STL,4,3,5,7,2020/08/31
CIN,STL,4,3,2,16,2020/09/01
CIN,STL,4,3,4,3,2020/09/02
CIN,CHC,4,3,0,3,2020/09/09
CIN,CHC,4,3,3,0,2020/09/10
CIN,CHC,4,3,5,8,2020/09/11
CIN,STL,4,3,3,1,2020/09/12
CIN,STL,4,3,10,5,2020/09/13
CIN,CHW,4,3,7,1,2020/09/18
CIN,CHW,4,3,0,5,2020/09/19
CIN,CHW,4,3,7,3,2020/09/20
CIN,MIN,3,4,5,3,2020/09/27
CIN,STL,4,5,6,11,2021/04/01
CIN,STL,4,5,9,6,2021/04/03
CIN,STL,3,5,12,1,2021/04/04
CIN,ARI,2,3,0,7,2021/04/11
CIN,SF,4,3,3,0,2021/04/13
CIN,SF,2,3,0,3,2021/04/14
CIN,CLE,4,1,10,3,2021/04/16
CIN,CLE,4,1,3,2,2021/04/17
CIN,CLE,4,1,3,6,2021/04/18
CIN,ARI,4,2,4,5,2021/04/20
CIN,ARI,4,3,5,8,2021/04/21
CIN,ARI,4,3,11,14,2021/04/22
CIN,LAD,4,5,5,3,2021/04/27
CIN,LAD,4,5,6,5,2021/04/28
CIN,CHC,4,3,8,6,2021/04/30
CIN,CHC,4,3,2,3,2021/05/01
CIN,CHC,4,3,13,12,2021/05/02
CIN,CHW,4,2,0,9,2021/05/04
CIN,CHW,4,2,1,0,2021/05/05
CIN,COL,4,5,8,13,2021/05/14
CIN,COL,4,5,6,9,2021/05/15
CIN,COL,2,5,6,5,2021/05/16
CIN,SF,4,3,2,4,2021/05/18
CIN,SF,4,3,0,4,2021/05/19
CIN,SF,4,3,4,19,2021/05/20
CIN,WSH,4,3,2,1,2021/05/25
CIN,WSH,4,3,3,5,2021/05/26
CIN,WSH,4,3,3,0,2021/05/27
CIN,CHC,4,3,0,1,2021/05/28
CIN,CHC,4,3,2,10,2021/05/29
CIN,CHC,4,3,5,1,2021/05/30
CIN,COL,4,3,11,5,2021/06/11
CIN,COL,4,3,10,3,2021/06/12
CIN,COL,2,3,6,2,2021/06/13
CIN,SD,4,2,4,6,2021/06/18
CIN,SD,4,2,2,8,2021/06/19
CIN,SD,4,2,2,3,2021/06/20
CIN,SD,4,3,4,5,2021/06/29
CIN,SD,4,3,5,7,2021/06/30
CIN,SD,4,3,5,4,2021/07/01
CIN,CHC,4,1,2,1,2021/07/02
CIN,CHC,3,1,3,2,2021/07/03
CIN,CHC,4,3,3,2,2021/07/04
CIN,STL,4,5,6,5,2021/07/23
CIN,CHC,4,3,5,6,2021/07/27
CIN,CHC,4,3,7,4,2021/07/28
CIN,CHC,4,3,8,2,2021/07/29
CIN,NYM,2,4,7,1,2021/08/01
CIN,MIN,2,4,5,7,2021/08/03
CIN,MIN,2,4,6,5,2021/08/04
CIN,CLE,2,4,3,9,2021/08/09
CIN,PHI,2,4,6,1,2021/08/13
CIN,PHI,2,4,1,6,2021/08/14
CIN,PHI,2,4,7,4,2021/08/15
CIN,CHC,2,3,14,5,2021/08/16
CIN,CHC,2,3,1,2,2021/08/17
CIN,CHC,2,3,1,7,2021/08/18
CIN,MIA,4,2,6,0,2021/08/27
CIN,MIA,4,2,1,6,2021/08/28
CIN,MIA,4,2,1,2,2021/08/29
CIN,STL,4,3,1,3,2021/08/30
CIN,DET,4,3,5,15,2021/09/03
CIN,DET,4,3,7,4,2021/09/04
CIN,CHC,3,5,3,4,2021/09/06
CIN,CHC,4,5,4,3,2021/09/07
CIN,CHC,4,5,1,4,2021/09/08
CIN,LAD,4,3,3,1,2021/09/17
CIN,LAD,4,3,1,5,2021/09/18
CIN,LAD,4,3,5,8,2021/09/19
CIN,WSH,4,3,2,3,2021/09/23
CIN,WSH,4,3,8,7,2021/09/24
CIN,WSH,4,3,7,6,2021/09/25
CIN,WSH,4,3,9,2,2021/09/26
CIN,CHW,4,3,1,7,2021/09/29
CIN,CHW,4,3,1,6,2021/09/30
SD,BOS,3,5,3,1,2019/08/25
SD,LAD,4,3,4,6,2019/08/29
SD,SF,4,3,5,3,2019/08/30
SD,SF,4,3,3,8,2019/08/31
SD,SF,4,3,4,1,2019/09/01
SD,ARI,2,3,7,14,2019/09/02
SD,ARI,2,3,1,2,2019/09/04
SD,ARI,2,3,1,4,2019/09/05
SD,COL,2,3,2,3,2019/09/07
SD,COL,2,3,3,0,2019/09/08
SD,CHC,2,3,2,10,2019/09/10
SD,CHC,2,3,9,8,2019/09/11
SD,CHC,2,3,1,4,2019/09/12
SD,COL,3,5,8,10,2019/09/14
SD,ARI,3,4,2,4,2019/09/22
SD,LAD,2,3,3,6,2019/09/25
SD,ARI,4,2,3,6,2019/09/28
SD,ARI,4,2,0,1,2019/09/29
SD,ARI,4,3,7,2,2020/07/25
SD,ARI,4,3,5,1,2020/07/26
SD,ARI,2,3,6,2,2020/07/27
SD,SF,2,4,5,3,2020/07/29
SD,SF,2,3,6,7,2020/07/30
SD,SF,2,3,12,7,2020/07/31
SD,COL,2,3,8,7,2020/08/01
SD,COL,2,3,6,9,2020/08/02
SD,LAD,2,3,5,4,2020/08/04
SD,LAD,2,4,2,5,2020/08/05
SD,LAD,2,4,6,7,2020/08/06
SD,ARI,2,3,3,0,2020/08/08
SD,ARI,2,3,2,3,2020/08/09
SD,LAD,2,3,6,2,2020/08/12
SD,LAD,2,3,0,6,2020/08/13
SD,LAD,2,3,2,11,2020/08/14
SD,ARI,2,3,1,5,2020/08/15
SD,ARI,2,3,6,7,2020/08/16
SD,HOU,2,3,4,3,2020/08/22
SD,HOU,2,3,5,3,2020/08/23
SD,LAA,3,2,0,2,2020/09/03
SD,SF,2,3,4,5,2020/09/25
SD,SF,2,3,6,5,2020/09/26
SD,SF,2,3,5,4,2020/09/27
SD,STL,2,5,11,9,2020/10/01
SD,STL,2,5,4,0,2020/10/02
SD,LAD,2,3,1,5,2020/10/07
SD,LAD,2,3,5,6,2020/10/08
SD,LAD,2,3,3,12,2020/10/09
SD,ARI,2,3,8,7,2021/04/01
SD,ARI,2,3,4,2,2021/04/03
SD,ARI,2,3,1,3,2021/04/04
SD,SF,2,3,2,3,2021/04/06
SD,SF,2,3,3,1,2021/04/07
SD,LAD,2,3,6,11,2021/04/17
SD,LAD,2,3,5,2,2021/04/18
SD,LAD,4,5,3,2,2021/04/23
SD,LAD,4,3,6,1,2021/04/24
SD,LAD,4,5,4,5,2021/04/25
SD,ARI,4,3,1,5,2021/04/28
SD,ARI,4,3,12,3,2021/04/29
SD,SF,4,3,3,2,2021/05/01
SD,SF,4,3,6,2,2021/05/02
SD,SF,4,3,1,7,2021/05/08
SD,COL,2,5,8,1,2021/05/12
SD,STL,2,4,5,4,2021/05/15
SD,STL,3,5,5,3,2021/05/16
SD,COL,2,3,7,0,2021/05/18
SD,SEA,2,3,16,1,2021/05/22
SD,HOU,2,3,10,3,2021/05/29
SD,CHC,2,3,3,4,2021/06/02
SD,NYM,2,4,4,3,2021/06/04
SD,NYM,2,4,2,0,2021/06/05
SD,NYM,2,4,0,4,2021/06/06
SD,CHC,2,3,9,4,2021/06/08
SD,CHC,2,3,1,3,2021/06/09
SD,NYM,4,1,2,3,2021/06/11
SD,COL,4,3,2,3,2021/06/15
SD,COL,3,5,4,8,2021/06/16
SD,LAD,2,3,6,2,2021/06/22
SD,LAD,3,4,3,2,2021/06/23
SD,LAD,3,4,5,3,2021/06/24
SD,ARI,3,4,11,5,2021/06/26
SD,ARI,3,4,1,10,2021/06/27
SD,PHI,2,4,3,4,2021/07/02
SD,PHI,2,4,2,4,2021/07/03
SD,PHI,2,4,11,1,2021/07/04
SD,WSH,2,3,7,4,2021/07/07
SD,WSH,2,3,5,15,2021/07/08
SD,WSH,2,3,9,8,2021/07/09
SD,COL,2,3,4,2,2021/07/10
SD,COL,2,3,1,3,2021/07/11
SD,WSH,2,3,24,8,2021/07/16
SD,MIA,3,2,2,3,2021/07/24
SD,MIA,3,2,3,9,2021/07/25
SD,OAK,2,3,4,10,2021/07/28
SD,COL,2,3,3,0,2021/07/30
SD,COL,2,3,4,9,2021/07/31
SD,COL,2,3,3,5,2021/08/01
SD,OAK,2,4,8,1,2021/08/04
SD,ARI,2,3,5,8,2021/08/07
SD,ARI,2,3,6,2,2021/08/08
SD,ARI,2,3,2,3,2021/08/14
SD,ARI,2,4,8,2,2021/08/15
SD,COL,2,3,5,6,2021/08/17
SD,COL,2,3,5,7,2021/08/18
SD,PHI,2,4,3,4,2021/08/21
SD,PHI,2,4,4,3,2021/08/22
SD,LAD,2,3,2,5,2021/08/25
SD,LAD,2,3,3,5,2021/08/26
SD,LAD,2,4,0,4,2021/08/27
SD,LAA,4,2,5,0,2021/08/28
SD,LAA,3,2,2,10,2021/08/29
SD,HOU,2,5,3,6,2021/09/04
SD,HOU,2,5,10,2,2021/09/05
SD,LAD,2,3,0,3,2021/09/11
SD,LAD,2,5,0,8,2021/09/12
SD,STL,3,4,2,3,2021/09/18
SD,STL,2,3,7,8,2021/09/19
SD,SF,2,3,5,6,2021/09/22
SD,SF,2,5,7,6,2021/09/23
SD,LAD,2,3,1,2,2021/09/29
SD,LAD,2,3,9,11,2021/09/30
SD,LAD,2,3,3,8,2021/10/01
SD,SF,2,3,0,3,2021/10/02
SD,SF,2,3,4,11,2021/10/03
ARI,LAD,4,3,11,5,2019/08/30
ARI,LAD,4,3,5,4,2019/08/31
ARI,LAD,3,5,6,5,2019/09/01
ARI,NYM,3,4,1,3,2019/09/09
ARI,NYM,3,4,2,3,2019/09/10
ARI,NYM,3,4,0,9,2019/09/11
ARI,NYM,3,4,1,11,2019/09/12
ARI,MIA,4,2,7,5,2019/09/17
ARI,MIA,4,2,6,12,2019/09/18
ARI,STL,3,2,7,9,2019/09/24
ARI,STL,3,2,9,7,2019/09/25
ARI,LAD,2,4,3,6,2020/07/31
ARI,LAD,2,4,5,3,2020/08/01
ARI,LAD,2,4,2,11,2020/08/02
ARI,HOU,2,3,2,8,2020/08/05
ARI,HOU,2,3,14,7,2020/08/06
ARI,SF,3,4,2,6,2020/08/22
ARI,COL,4,3,7,8,2020/08/27
ARI,LAD,2,3,3,6,2020/09/02
ARI,LAD,2,3,2,3,2020/09/03
ARI,LAD,2,3,1,5,2020/09/04
ARI,SF,2,3,6,5,2020/09/05
ARI,LAD,2,3,9,10,2020/09/09
ARI,LAD,4,3,4,6,2020/09/10
ARI,LAA,4,2,9,8,2020/09/16
ARI,LAA,4,2,9,6,2020/09/17
ARI,HOU,3,5,2,3,2020/09/19
ARI,HOU,3,1,2,3,2020/09/20
ARI,WSH,3,5,2,6,2021/04/17
ARI,WSH,2,3,5,2,2021/04/18
ARI,MIA,3,2,3,9,2021/05/04
ARI,NYM,3,4,4,5,2021/05/07
ARI,NYM,3,4,2,4,2021/05/08
ARI,MIA,3,2,11,3,2021/05/12
ARI,MIA,3,2,2,3,2021/05/13
ARI,MIA,3,2,1,5,2021/05/14
ARI,WSH,4,3,2,17,2021/05/15
ARI,WSH,4,3,0,3,2021/05/16
ARI,LAD,4,3,1,3,2021/05/18
ARI,LAD,4,3,1,9,2021/05/19
ARI,LAD,4,3,2,4,2021/05/20
ARI,LAD,4,3,2,3,2021/05/21
ARI,COL,2,5,6,7,2021/05/22
ARI,COL,2,3,3,4,2021/05/23
ARI,SF,2,3,0,8,2021/05/26
ARI,SF,2,3,4,5,2021/05/27
ARI,STL,4,3,4,5,2021/05/28
ARI,STL,2,5,6,8,2021/05/29
ARI,STL,2,5,4,7,2021/05/30
ARI,NYM,3,4,2,6,2021/06/01
ARI,NYM,3,4,6,5,2021/06/02
ARI,LAA,3,2,7,8,2021/06/12
ARI,LAA,4,2,3,10,2021/06/13
ARI,SF,4,3,2,5,2021/06/15
ARI,SF,2,3,8,9,2021/06/16
ARI,SF,2,3,7,13,2021/06/17
ARI,LAD,2,4,0,3,2021/06/19
ARI,LAD,2,5,3,9,2021/06/20
ARI,STL,4,3,1,7,2021/06/29
ARI,STL,4,3,2,3,2021/06/30
ARI,SF,4,3,4,11,2021/07/03
ARI,SF,3,2,5,6,2021/07/04
ARI,COL,3,5,3,9,2021/07/08
ARI,LAD,2,3,5,2,2021/07/10
ARI,CHC,4,3,1,5,2021/07/17
ARI,CHC,4,3,6,4,2021/07/18
ARI,CHC,4,3,3,8,2021/07/23
ARI,LAD,3,5,6,5,2021/07/31
ARI,LAD,3,4,0,13,2021/08/01
ARI,SF,2,3,2,7,2021/08/12
ARI,PHI,3,4,3,2,2021/08/18
ARI,PHI,3,4,6,2,2021/08/19
ARI,PHI,3,4,8,7,2021/08/26
ARI,PHI,3,4,6,7,2021/08/27
ARI,PHI,3,4,0,7,2021/08/28
ARI,PHI,3,4,4,7,2021/08/29
ARI,SEA,4,3,5,6,2021/09/04
ARI,SEA,4,3,5,8,2021/09/05
ARI,SEA,4,3,4,5,2021/09/11
ARI,SEA,4,3,5,4,2021/09/12
ARI,LAD,4,3,1,5,2021/09/14
ARI,HOU,4,3,6,7,2021/09/19
ARI,LAD,4,3,2,4,2021/09/25
ARI,LAD,4,3,7,2,2021/09/26
ARI,COL,4,3,11,2,2021/10/03
LAA,BOS,3,5,6,7,2019/08/31
LAA,OAK,2,3,5,7,2019/09/04
LAA,OAK,2,3,0,4,2019/09/05
LAA,CHW,2,3,1,5,2019/09/08
LAA,CLE,2,4,2,6,2019/09/10
LAA,CLE,2,4,0,8,2019/09/11
LAA,CLE,2,4,3,4,2019/09/12
LAA,NYY,2,5,0,8,2019/09/17
LAA,NYY,2,5,3,2,2019/09/18
LAA,NYY,2,5,1,9,2019/09/19
LAA,HOU,2,7,8,4,2019/09/21
LAA,HOU,2,3,5,13,2019/09/22
LAA,OAK,2,4,3,2,2019/09/25
LAA,OAK,2,4,2,3,2019/09/26
LAA,HOU,2,3,4,3,2019/09/27
LAA,HOU,2,3,0,4,2019/09/28
LAA,HOU,2,3,5,8,2019/09/29
LAA,OAK,2,3,3,7,2020/07/25
LAA,OAK,2,3,4,6,2020/07/26
LAA,OAK,2,3,0,3,2020/07/27
LAA,SEA,2,3,7,10,2020/07/30
LAA,HOU,2,3,6,9,2020/08/01
LAA,HOU,3,1,5,6,2020/08/02
LAA,OAK,2,3,10,9,2020/08/11
LAA,OAK,2,3,4,8,2020/08/12
LAA,LAD,2,3,4,7,2020/08/15
LAA,LAD,2,3,5,6,2020/08/16
LAA,SF,2,3,2,8,2020/08/18
LAA,SF,2,3,2,7,2020/08/20
LAA,SF,2,3,5,10,2020/08/21
LAA,OAK,2,3,4,3,2020/08/22
LAA,OAK,2,3,4,5,2020/08/23
LAA,HOU,2,5,6,5,2020/09/05
LAA,HOU,2,3,9,5,2020/09/06
LAA,COL,2,3,4,8,2020/09/12
LAA,COL,2,3,5,2,2020/09/13
LAA,LAD,2,3,5,9,2020/09/26
LAA,LAD,2,3,0,5,2020/09/27
LAA,CHW,2,3,4,3,2021/04/02
LAA,CHW,2,3,8,12,2021/04/03
LAA,CHW,2,3,5,3,2021/04/04
LAA,CHW,2,3,7,4,2021/04/05
LAA,HOU,2,3,7,6,2021/04/06
LAA,TOR,3,4,7,5,2021/04/08
LAA,TOR,2,4,7,1,2021/04/09
LAA,TOR,2,4,1,15,2021/04/10
LAA,MIN,3,4,10,3,2021/04/17
LAA,HOU,3,1,2,8,2021/04/23
LAA,HOU,3,1,4,5,2021/04/24
LAA,HOU,2,3,4,2,2021/04/25
LAA,SEA,2,3,4,7,2021/05/01
LAA,SEA,2,3,10,5,2021/05/02
LAA,LAD,3,4,9,2,2021/05/08
LAA,LAD,3,4,11,14,2021/05/09
LAA,HOU,5,3,5,4,2021/05/11
LAA,HOU,5,3,1,5,2021/05/12
LAA,HOU,5,2,1,9,2021/05/13
LAA,BOS,3,5,0,9,2021/05/15
LAA,BOS,2,5,6,5,2021/05/16
LAA,CLE,2,1,7,4,2021/05/18
LAA,CLE,2,1,5,6,2021/05/19
LAA,MIN,2,4,3,6,2021/05/20
LAA,CLE,2,1,2,3,2021/05/20
LAA,OAK,2,3,4,8,2021/05/22
LAA,OAK,2,3,6,5,2021/05/23
LAA,OAK,2,3,0,5,2021/05/28
LAA,OAK,2,3,4,2,2021/05/30
LAA,SF,2,3,1,6,2021/05/31
LAA,SEA,2,3,2,6,2021/06/04
LAA,SEA,2,3,3,2,2021/06/05
LAA,SEA,2,4,12,5,2021/06/06
LAA,OAK,2,3,5,8,2021/06/15
LAA,OAK,2,3,4,6,2021/06/16
LAA,DET,2,4,7,5,2021/06/18
LAA,DET,2,3,11,3,2021/06/19
LAA,DET,2,4,8,3,2021/06/20
LAA,NYY,2,4,5,3,2021/06/28
LAA,NYY,2,4,5,11,2021/06/29
LAA,SEA,2,4,3,7,2021/07/10
LAA,SEA,5,3,0,2,2021/07/11
LAA,SEA,5,3,5,6,2021/07/17
LAA,SEA,2,3,9,4,2021/07/18
LAA,OAK,2,3,0,6,2021/07/20
LAA,MIN,2,4,3,2,2021/07/23
LAA,MIN,2,4,2,1,2021/07/24
LAA,MIN,2,6,6,2,2021/07/25
LAA,COL,2,5,6,2,2021/07/27
LAA,COL,2,5,3,12,2021/07/28
LAA,COL,2,3,8,7,2021/07/29
LAA,OAK,2,4,0,4,2021/07/30
LAA,OAK,2,4,1,0,2021/07/31
LAA,OAK,2,4,3,8,2021/08/01
LAA,LAD,2,4,4,3,2021/08/07
LAA,LAD,2,4,3,5,2021/08/08
LAA,TOR,2,4,6,3,2021/08/10
LAA,TOR,2,4,2,10,2021/08/12
LAA,TOR,2,5,6,3,2021/08/13
LAA,HOU,2,3,1,4,2021/08/14
LAA,HOU,2,3,2,8,2021/08/15
LAA,NYY,2,5,1,2,2021/08/16
LAA,DET,2,4,8,2,2021/08/17
LAA,DET,2,4,3,1,2021/08/18
LAA,DET,2,4,13,10,2021/08/19
LAA,CLE,2,4,1,9,2021/08/20
LAA,CLE,2,4,1,5,2021/08/21
LAA,CLE,2,4,0,3,2021/08/22
LAA,NYY,2,5,8,7,2021/08/31
LAA,NYY,2,5,6,4,2021/09/01
LAA,HOU,2,1,4,2,2021/09/11
LAA,HOU,2,3,1,3,2021/09/12
LAA,CHW,2,3,3,9,2021/09/15
LAA,OAK,2,3,4,5,2021/09/18
LAA,OAK,2,3,2,3,2021/09/19
LAA,HOU,2,3,0,10,2021/09/21
LAA,HOU,2,3,5,10,2021/09/22
LAA,HOU,2,3,5,9,2021/09/23
LAA,HOU,2,5,3,2,2021/09/24
LAA,SEA,2,3,5,6,2021/09/25
LAA,SEA,2,4,1,5,2021/09/26
LAA,SEA,2,4,2,1,2021/10/02
LAA,SEA,2,4,4,6,2021/10/03
OAK,NYY,3,5,8,2,2019/08/30
OAK,NYY,3,5,3,4,2019/08/31
OAK,NYY,3,5,4,5,2019/09/01
OAK,DET,3,4,4,5,2019/09/07
OAK,DET,3,4,10,2,2019/09/08
OAK,SEA,4,3,3,1,2019/09/27
OAK,SEA,4,3,3,4,2019/09/28
OAK,SEA,4,3,1,3,2019/09/29
OAK,HOU,4,2,3,1,2020/08/08
OAK,HOU,3,2,7,2,2020/08/09
OAK,HOU,3,5,3,6,2020/08/29
OAK,HOU,3,2,4,5,2020/09/09
OAK,HOU,3,2,3,1,2020/09/10
OAK,LAD,4,3,2,7,2020/09/23
OAK,LAD,4,3,6,4,2020/09/24
OAK,HOU,3,5,6,11,2020/10/08
OAK,HOU,3,5,1,8,2021/04/02
OAK,HOU,3,5,5,9,2021/04/03
OAK,DET,3,4,8,4,2021/04/16
OAK,DET,3,4,7,0,2021/04/17
OAK,DET,3,4,3,2,2021/04/18
OAK,MIN,3,4,7,0,2021/04/20
OAK,MIN,3,4,13,12,2021/04/21
OAK,TOR,3,2,5,4,2021/05/04
OAK,TOR,3,2,4,1,2021/05/05
OAK,TOR,3,2,4,9,2021/05/06
OAK,BOS,3,5,3,2,2021/05/11
OAK,BOS,3,5,4,1,2021/05/12
OAK,BOS,3,5,1,8,2021/05/13
OAK,MIN,3,4,6,1,2021/05/15
OAK,MIN,3,4,7,6,2021/05/16
OAK,HOU,3,2,6,5,2021/05/19
OAK,HOU,3,2,4,8,2021/05/20
OAK,SEA,3,4,2,4,2021/05/25
OAK,SEA,3,4,6,3,2021/05/26
OAK,SEA,3,4,5,6,2021/05/31
OAK,SEA,3,4,12,6,2021/06/02
OAK,SEA,3,4,6,0,2021/06/03
OAK,COL,3,5,9,5,2021/06/05
OAK,COL,3,5,6,3,2021/06/06
OAK,NYY,3,5,5,3,2021/06/18
OAK,NYY,3,5,5,7,2021/06/19
OAK,NYY,3,4,1,2,2021/06/20
OAK,SF,3,1,0,2,2021/06/26
OAK,SF,3,1,5,6,2021/06/27
OAK,BOS,3,5,2,3,2021/07/03
OAK,BOS,3,5,0,1,2021/07/04
OAK,HOU,3,1,6,9,2021/07/07
OAK,HOU,3,5,3,4,2021/07/08
OAK,CLE,3,4,2,4,2021/07/18
OAK,SEA,4,3,3,4,2021/07/25
OAK,CLE,3,4,4,3,2021/08/10
OAK,CLE,2,3,6,3,2021/08/11
OAK,CHW,3,2,2,5,2021/08/17
OAK,CHW,3,2,0,9,2021/08/18
OAK,CHW,3,2,5,4,2021/08/19
OAK,NYY,3,5,6,7,2021/08/27
OAK,NYY,2,5,3,2,2021/08/28
OAK,NYY,2,5,3,1,2021/08/29
OAK,DET,2,4,9,3,2021/08/31
OAK,DET,2,4,6,8,2021/09/01
OAK,TOR,3,4,10,11,2021/09/03
OAK,TOR,3,4,8,10,2021/09/04
OAK,TOR,3,2,0,8,2021/09/05
OAK,CHW,3,2,3,6,2021/09/08
OAK,CHW,3,2,5,1,2021/09/09
OAK,HOU,3,2,4,3,2021/09/26
OAK,SEA,3,4,4,13,2021/09/28
OAK,SEA,3,4,2,4,2021/09/29
OAK,SEA,3,2,2,4,2021/09/30
OAK,HOU,3,2,8,6,2021/10/02
NYY,SEA,5,2,5,4,2019/08/27
NYY,SEA,5,2,7,0,2019/08/28
NYY,BOS,5,3,1,6,2019/09/06
NYY,BOS,5,3,5,1,2019/09/07
NYY,BOS,5,3,10,5,2019/09/09
NYY,DET,5,4,11,12,2019/09/10
NYY,DET,5,4,10,4,2019/09/12
NYY,TOR,5,4,5,6,2019/09/13
NYY,TOR,5,4,13,3,2019/09/14
NYY,TOR,5,4,4,6,2019/09/15
NYY,TOR,1,5,8,3,2019/09/22
NYY,MIN,1,4,10,4,2019/10/04
NYY,MIN,1,4,8,2,2019/10/05
NYY,MIN,1,4,5,1,2019/10/08
NYY,HOU,1,4,7,0,2019/10/13
NYY,HOU,5,3,2,3,2019/10/14
NYY,HOU,5,3,1,4,2019/10/15
NYY,HOU,5,3,3,8,2019/10/18
NYY,WSH,5,3,4,1,2020/07/23
NYY,WSH,5,3,2,9,2020/07/25
NYY,WSH,5,3,3,2,2020/07/26
NYY,PHI,5,4,6,3,2020/08/03
NYY,PHI,5,4,3,1,2020/08/05
NYY,PHI,5,4,4,5,2020/08/06
NYY,NYM,5,4,3,4,2020/08/28
NYY,NYM,5,4,2,1,2020/08/29
NYY,NYM,5,4,8,7,2020/08/30
NYY,NYM,3,4,7,9,2020/09/03
NYY,TOR,3,4,7,12,2020/09/07
NYY,TOR,3,4,1,2,2020/09/08
NYY,TOR,3,4,7,2,2020/09/09
NYY,TOR,5,4,20,6,2020/09/15
NYY,TOR,5,4,13,2,2020/09/16
NYY,TOR,5,4,10,7,2020/09/17
NYY,BOS,5,4,6,5,2020/09/18
NYY,BOS,5,4,8,0,2020/09/19
NYY,BOS,5,3,2,10,2020/09/20
NYY,TOR,5,4,5,11,2020/09/21
NYY,TOR,5,4,12,1,2020/09/22
NYY,TOR,5,4,1,14,2020/09/23
NYY,TOR,5,4,1,4,2020/09/24
NYY,MIA,5,2,3,4,2020/09/25
NYY,MIA,5,2,11,4,2020/09/26
NYY,MIA,5,2,0,5,2020/09/27
NYY,CLE,3,4,12,3,2020/09/29
NYY,CLE,5,4,10,9,2020/09/30
NYY,TOR,5,4,1,3,2021/04/04
NYY,TOR,1,4,3,1,2021/04/12
NYY,TOR,1,4,3,7,2021/04/13
NYY,TOR,1,4,4,5,2021/04/14
NYY,CLE,3,4,6,3,2021/04/22
NYY,CLE,3,4,5,3,2021/04/23
NYY,CLE,3,4,2,1,2021/04/24
NYY,CLE,3,4,3,7,2021/04/25
NYY,DET,4,3,10,0,2021/04/30
NYY,DET,4,3,6,4,2021/05/01
NYY,DET,4,3,2,0,2021/05/02
NYY,HOU,4,3,7,3,2021/05/04
NYY,WSH,5,3,4,11,2021/05/07
NYY,WSH,5,3,4,3,2021/05/08
NYY,WSH,5,3,3,2,2021/05/09
NYY,CHW,4,3,2,1,2021/05/21
NYY,CHW,5,3,7,0,2021/05/22
NYY,CHW,5,3,5,4,2021/05/23
NYY,TOR,5,3,2,6,2021/05/25
NYY,DET,3,4,2,3,2021/05/28
NYY,DET,3,4,1,6,2021/05/29
NYY,DET,3,4,2,6,2021/05/30
NYY,BOS,3,5,2,5,2021/06/04
NYY,BOS,3,5,3,7,2021/06/05
NYY,BOS,3,5,5,6,2021/06/06
NYY,MIN,3,4,8,4,2021/06/09
NYY,MIN,5,4,9,6,2021/06/10
NYY,MIN,5,4,5,7,2021/06/11
NYY,PHI,5,4,0,7,2021/06/13
NYY,TOR,4,5,6,5,2021/06/15
NYY,TOR,5,4,3,2,2021/06/16
NYY,TOR,5,4,8,4,2021/06/17
NYY,BOS,4,5,3,5,2021/06/25
NYY,BOS,4,5,2,9,2021/06/27
NYY,NYM,5,4,3,8,2021/07/03
NYY,NYM,5,4,5,10,2021/07/04
NYY,SEA,5,4,12,1,2021/07/07
NYY,SEA,5,4,5,4,2021/07/08
NYY,BOS,3,5,3,1,2021/07/17
NYY,BOS,3,5,9,1,2021/07/18
NYY,PHI,5,4,6,4,2021/07/20
NYY,PHI,5,4,6,5,2021/07/21
NYY,BOS,1,5,2,6,2021/07/23
NYY,BOS,1,5,4,5,2021/07/25
NYY,MIA,6,2,3,1,2021/07/30
NYY,MIA,5,2,4,2,2021/07/31
NYY,MIA,3,2,3,1,2021/08/01
NYY,SEA,5,3,5,3,2021/08/05
NYY,SEA,5,3,3,2,2021/08/06
NYY,SEA,5,3,5,4,2021/08/07
NYY,SEA,5,3,0,2,2021/08/08
NYY,CHW,5,2,8,9,2021/08/12
NYY,CHW,5,2,7,5,2021/08/14
NYY,CHW,5,2,5,3,2021/08/15
NYY,MIN,5,4,7,5,2021/08/19
NYY,MIN,5,4,10,2,2021/08/20
NYY,MIN,5,4,7,1,2021/08/21
NYY,TOR,3,5,1,5,2021/09/07
NYY,TOR,3,5,3,6,2021/09/08
NYY,TOR,3,5,4,6,2021/09/09
NYY,NYM,1,2,3,10,2021/09/10
NYY,NYM,1,2,8,7,2021/09/11
NYY,MIN,5,4,6,5,2021/09/13
NYY,CLE,5,3,8,0,2021/09/17
NYY,CLE,1,5,3,11,2021/09/18
NYY,CLE,5,3,1,11,2021/09/19
NYY,BOS,1,5,8,3,2021/09/24
NYY,BOS,1,5,5,3,2021/09/25
NYY,BOS,1,5,6,3,2021/09/26
NYY,TOR,5,4,7,2,2021/09/28
NYY,TOR,5,4,5,6,2021/09/29
NYY,TOR,5,4,6,2,2021/09/30
NYY,BOS,4,3,2,6,2021/10/06
SEA,TOR,3,5,7,0,2019/08/18
SEA,TOR,2,3,5,7,2019/08/25
SEA,CHC,4,3,1,6,2019/09/04
SEA,HOU,3,7,0,3,2019/09/26
SEA,HOU,3,2,5,8,2020/07/27
SEA,COL,3,2,4,8,2020/08/08
SEA,COL,3,2,5,3,2020/08/09
SEA,HOU,4,1,1,2,2020/08/15
SEA,HOU,4,2,2,3,2020/08/16
SEA,LAD,4,3,1,2,2020/08/18
SEA,LAD,4,3,1,6,2020/08/20
SEA,SF,4,3,5,6,2020/09/09
SEA,SF,4,3,1,10,2020/09/10
SEA,HOU,3,1,6,1,2020/09/22
SEA,HOU,3,5,3,2,2020/09/23
SEA,CHW,4,3,0,6,2021/04/06
SEA,CHW,4,3,4,10,2021/04/07
SEA,HOU,4,2,6,5,2021/04/17
SEA,HOU,4,2,0,1,2021/04/18
SEA,BOS,3,5,7,3,2021/04/22
SEA,BOS,3,5,5,6,2021/04/23
SEA,BOS,3,5,8,2,2021/04/24
SEA,BOS,3,5,3,5,2021/04/25
SEA,HOU,3,5,2,5,2021/04/27
SEA,HOU,3,2,0,2,2021/04/28
SEA,HOU,3,2,1,0,2021/04/29
SEA,LAD,3,4,4,6,2021/05/12
SEA,LAD,3,4,1,7,2021/05/13
SEA,CLE,3,4,2,4,2021/05/14
SEA,CLE,3,4,7,3,2021/05/15
SEA,CLE,3,4,7,3,2021/05/16
SEA,DET,3,4,1,4,2021/05/18
SEA,DET,3,4,0,5,2021/05/19
SEA,DET,3,4,2,6,2021/05/20
SEA,DET,3,4,9,6,2021/06/09
SEA,DET,3,4,3,8,2021/06/10
SEA,MIN,3,4,2,7,2021/06/17
SEA,CHW,3,2,3,2,2021/06/26
SEA,CHW,4,2,5,7,2021/06/27
SEA,TOR,4,5,3,9,2021/06/29
SEA,TOR,4,5,9,7,2021/06/30
SEA,TOR,4,5,7,2,2021/07/01
SEA,COL,3,5,6,4,2021/07/21
SEA,TOR,3,4,3,2,2021/08/14
SEA,TOR,3,4,9,3,2021/08/15
SEA,HOU,3,2,1,15,2021/08/21
SEA,HOU,3,2,6,3,2021/08/22
SEA,HOU,3,2,3,4,2021/08/31
SEA,HOU,3,5,2,11,2021/09/06
SEA,HOU,3,2,4,5,2021/09/08
SEA,BOS,3,5,5,4,2021/09/14
SEA,BOS,3,5,4,8,2021/09/15
WSH,NYM,3,4,3,7,2019/09/02
WSH,NYM,3,4,11,10,2019/09/03
WSH,NYM,3,4,4,8,2019/09/04
WSH,MIN,3,4,0,5,2019/09/10
WSH,MIN,3,4,6,2,2019/09/11
WSH,MIN,3,4,12,6,2019/09/12
WSH,STL,3,4,2,4,2019/09/16
WSH,STL,3,4,6,2,2019/09/17
WSH,STL,3,4,1,5,2019/09/18
WSH,MIA,3,2,6,4,2019/09/20
WSH,PHI,3,4,7,2,2019/09/23
WSH,PHI,3,4,6,5,2019/09/24
WSH,PHI,3,4,5,2,2019/09/25
WSH,PHI,3,4,6,3,2019/09/26
WSH,CLE,3,4,10,7,2019/09/28
WSH,CLE,3,4,8,2,2019/09/29
WSH,LAD,3,4,7,3,2019/10/10
WSH,STL,3,5,2,0,2019/10/12
WSH,STL,3,5,8,1,2019/10/14
WSH,STL,3,5,7,4,2019/10/16
WSH,HOU,3,5,12,3,2019/10/24
WSH,TOR,5,4,4,0,2020/07/29
WSH,TOR,5,4,6,4,2020/07/30
WSH,NYM,3,4,5,3,2020/08/04
WSH,NYM,3,4,1,3,2020/08/05
WSH,NYM,5,4,16,4,2020/08/10
WSH,NYM,3,4,2,1,2020/08/11
WSH,NYM,3,4,6,11,2020/08/12
WSH,NYM,3,4,2,8,2020/08/13
WSH,MIA,3,2,2,3,2020/08/21
WSH,MIA,3,2,5,4,2020/08/22
WSH,MIA,3,2,9,3,2020/08/23
WSH,MIA,3,2,8,11,2020/08/24
WSH,PHI,3,4,3,8,2020/08/25
WSH,PHI,3,2,2,3,2020/08/26
WSH,BOS,3,5,10,2,2020/08/28
WSH,BOS,3,5,3,5,2020/08/29
WSH,BOS,3,5,5,9,2020/08/30
WSH,PHI,3,4,6,8,2020/08/31
WSH,PHI,3,4,0,6,2020/09/01
WSH,PHI,3,2,0,3,2020/09/02
WSH,PHI,3,2,5,6,2020/09/03
WSH,MIA,3,2,5,0,2020/09/18
WSH,MIA,3,2,3,14,2020/09/19
WSH,MIA,5,2,1,2,2020/09/20
WSH,PHI,3,4,5,1,2020/09/21
WSH,PHI,5,4,8,7,2020/09/22
WSH,PHI,3,4,3,12,2020/09/23
WSH,NYM,3,4,2,3,2020/09/24
WSH,NYM,3,4,4,3,2020/09/26
WSH,NYM,3,4,15,5,2020/09/27
WSH,LAD,5,3,5,9,2021/04/11
WSH,STL,5,4,5,2,2021/04/12
WSH,STL,3,4,3,14,2021/04/13
WSH,STL,3,4,6,0,2021/04/14
WSH,STL,3,4,5,12,2021/04/19
WSH,STL,3,4,3,2,2021/04/20
WSH,STL,3,4,1,0,2021/04/21
WSH,NYM,3,4,0,6,2021/04/23
WSH,NYM,5,4,7,1,2021/04/24
WSH,NYM,5,4,0,4,2021/04/25
WSH,TOR,5,4,5,9,2021/04/27
WSH,TOR,5,4,8,2,2021/04/28
WSH,MIA,5,2,2,1,2021/04/30
WSH,MIA,5,3,7,2,2021/05/01
WSH,MIA,5,2,3,1,2021/05/02
WSH,PHI,3,4,2,6,2021/05/11
WSH,PHI,3,4,2,5,2021/05/12
WSH,PHI,3,4,5,1,2021/05/13
WSH,PHI,5,4,2,1,2021/06/04
WSH,PHI,5,4,2,5,2021/06/05
WSH,PHI,5,4,6,12,2021/06/06
WSH,SF,5,3,0,1,2021/06/11
WSH,SF,5,3,1,2,2021/06/12
WSH,SF,5,3,5,0,2021/06/13
WSH,NYM,5,4,1,0,2021/06/18
WSH,NYM,5,4,6,2,2021/06/19
WSH,NYM,5,4,5,2,2021/06/20
WSH,PHI,3,4,3,2,2021/06/22
WSH,PHI,3,4,13,12,2021/06/23
WSH,MIA,3,2,7,3,2021/06/24
WSH,MIA,3,2,2,11,2021/06/25
WSH,MIA,3,2,2,3,2021/06/26
WSH,MIA,3,2,5,1,2021/06/27
WSH,NYM,3,5,8,4,2021/06/28
WSH,LAD,3,5,2,6,2021/07/01
WSH,LAD,3,5,5,10,2021/07/02
WSH,LAD,3,5,3,5,2021/07/03
WSH,LAD,3,5,1,5,2021/07/04
WSH,MIA,3,2,18,1,2021/07/19
WSH,MIA,3,2,6,3,2021/07/20
WSH,MIA,3,2,1,3,2021/07/21
WSH,PHI,3,4,5,6,2021/07/26
WSH,PHI,3,4,6,4,2021/07/27
WSH,PHI,3,4,3,1,2021/07/29
WSH,PHI,3,4,5,7,2021/08/02
WSH,PHI,3,4,4,5,2021/08/03
WSH,PHI,3,4,5,9,2021/08/04
WSH,PHI,5,2,6,7,2021/08/05
WSH,NYM,3,5,7,8,2021/08/10
WSH,NYM,3,4,4,5,2021/08/12
WSH,TOR,5,4,12,6,2021/08/17
WSH,TOR,5,4,8,5,2021/08/18
WSH,MIA,5,2,5,1,2021/08/24
WSH,MIA,3,2,3,4,2021/08/25
WSH,MIA,3,2,5,7,2021/08/26
WSH,NYM,3,4,2,1,2021/08/27
WSH,NYM,3,4,3,5,2021/08/28
WSH,NYM,3,4,4,9,2021/08/29
WSH,PHI,3,4,4,7,2021/08/30
WSH,PHI,3,4,6,12,2021/08/31
WSH,PHI,3,2,6,7,2021/09/02
WSH,NYM,3,4,2,6,2021/09/03
WSH,NYM,3,4,4,3,2021/09/04
WSH,NYM,3,4,6,13,2021/09/05
WSH,NYM,3,2,4,3,2021/09/06
WSH,MIA,3,2,0,3,2021/09/13
WSH,MIA,3,2,8,2,2021/09/14
WSH,MIA,3,2,6,8,2021/09/15
WSH,MIA,3,2,7,8,2021/09/20
WSH,MIA,3,2,7,1,2021/09/21
WSH,MIA,3,2,7,5,2021/09/22
WSH,BOS,3,5,3,5,2021/10/02
WSH,BOS,3,5,5,7,2021/10/03
TOR,BOS,4,3,4,3,2019/09/10
TOR,BOS,4,5,8,0,2019/09/11
TOR,BOS,4,5,4,7,2019/09/12
TOR,BOS,4,5,3,5,2020/08/07
TOR,BOS,4,5,2,1,2020/08/08
TOR,BOS,4,5,3,5,2020/08/09
TOR,MIA,4,2,5,4,2020/08/11
TOR,MIA,4,2,11,14,2020/08/12
TOR,PHI,6,2,3,2,2020/08/20
TOR,BOS,2,5,7,9,2020/08/25
TOR,MIA,4,2,2,3,2020/09/01
TOR,MIA,4,2,2,1,2020/09/02
TOR,BOS,4,5,6,2,2020/09/03
TOR,BOS,4,5,2,3,2020/09/04
TOR,BOS,4,5,8,9,2020/09/05
TOR,BOS,4,5,10,8,2020/09/06
TOR,NYM,2,5,1,18,2020/09/11
TOR,NYM,4,5,3,2,2020/09/12
TOR,NYM,4,5,7,3,2020/09/13
TOR,HOU,2,3,4,10,2021/05/08
TOR,HOU,5,3,4,7,2021/05/09
TOR,BOS,3,5,8,0,2021/05/18
TOR,BOS,4,5,7,8,2021/05/20
TOR,CLE,2,4,11,2,2021/05/28
TOR,CLE,2,4,5,6,2021/05/30
TOR,MIA,5,2,5,1,2021/06/01
TOR,HOU,5,3,1,13,2021/06/04
TOR,HOU,5,3,6,2,2021/06/05
TOR,HOU,2,3,3,6,2021/06/06
TOR,CHW,5,2,1,6,2021/06/09
TOR,CHW,5,2,6,2,2021/06/10
TOR,BOS,4,5,5,6,2021/06/11
TOR,BOS,4,5,7,2,2021/06/12
TOR,BOS,2,5,18,4,2021/06/13
TOR,MIA,5,3,2,1,2021/06/22
TOR,MIA,5,2,3,1,2021/06/23
TOR,BOS,2,5,4,13,2021/07/19
TOR,BOS,4,5,4,7,2021/07/21
TOR,NYM,2,4,0,3,2021/07/23
TOR,NYM,2,4,4,5,2021/07/25
TOR,BOS,3,5,4,5,2021/07/26
TOR,BOS,2,5,1,4,2021/07/28
TOR,BOS,4,5,13,1,2021/07/29
TOR,CLE,2,3,2,5,2021/08/02
TOR,CLE,2,4,7,2,2021/08/03
TOR,CLE,5,3,8,6,2021/08/04
TOR,CLE,2,3,3,0,2021/08/05
TOR,BOS,2,5,12,4,2021/08/06
TOR,BOS,4,5,9,8,2021/08/08
TOR,CHW,4,2,2,1,2021/08/23
TOR,CHW,4,2,2,5,2021/08/24
TOR,CHW,4,2,3,1,2021/08/25
TOR,CHW,4,3,7,10,2021/08/26
TOR,DET,2,4,3,2,2021/08/28
TOR,DET,2,4,2,1,2021/08/29
TOR,MIN,2,4,3,7,2021/09/17
TOR,MIN,5,4,6,2,2021/09/18
TOR,MIN,5,4,5,3,2021/09/19
TOR,MIN,5,4,2,7,2021/09/23
NYM,CLE,4,5,9,2,2019/08/20
NYM,CLE,4,5,4,3,2019/08/21
NYM,CLE,4,5,2,0,2019/08/22
NYM,CHC,4,3,2,5,2019/08/27
NYM,CHC,4,3,7,10,2019/08/28
NYM,CHC,4,5,1,4,2019/08/29
NYM,PHI,4,2,6,3,2019/08/31
NYM,PHI,4,2,2,5,2019/09/01
NYM,LAD,5,3,2,9,2019/09/13
NYM,LAD,1,4,3,0,2019/09/14
NYM,COL,4,3,4,9,2019/09/17
NYM,COL,4,3,6,1,2019/09/18
NYM,MIA,4,2,4,8,2019/09/23
NYM,MIA,4,2,5,4,2019/09/24
NYM,MIA,4,2,10,3,2019/09/25
NYM,MIA,4,2,2,4,2019/09/26
NYM,BOS,4,5,7,4,2020/07/27
NYM,BOS,4,5,8,3,2020/07/28
NYM,BOS,4,5,5,6,2020/07/29
NYM,BOS,4,5,2,4,2020/07/30
NYM,MIA,4,2,3,4,2020/08/07
NYM,MIA,4,2,8,4,2020/08/08
NYM,MIA,4,2,4,2,2020/08/09
NYM,MIA,4,2,11,4,2020/08/17
NYM,MIA,4,2,8,3,2020/08/18
NYM,MIA,4,2,5,3,2020/08/19
NYM,MIA,4,2,0,4,2020/08/25
NYM,MIA,4,2,5,4,2020/08/26
NYM,MIA,4,2,3,5,2020/08/31
NYM,PHI,4,2,3,5,2020/09/04
NYM,PHI,4,2,5,1,2020/09/05
NYM,PHI,5,4,1,4,2020/09/15
NYM,PHI,5,4,10,6,2020/09/17
NYM,MIA,4,2,3,2,2021/04/08
NYM,MIA,4,2,0,3,2021/04/10
NYM,MIA,4,2,6,5,2021/04/11
NYM,COL,4,3,4,3,2021/04/17
NYM,COL,4,5,2,7,2021/04/18
NYM,CHC,4,1,1,3,2021/04/20
NYM,CHC,4,1,4,16,2021/04/21
NYM,CHC,4,1,3,4,2021/04/22
NYM,BOS,4,5,1,2,2021/04/27
NYM,BOS,4,5,0,1,2021/04/28
NYM,PHI,5,4,1,2,2021/04/30
NYM,PHI,3,4,5,4,2021/05/01
NYM,PHI,2,4,8,7,2021/05/02
NYM,MIA,4,2,6,5,2021/05/21
NYM,MIA,4,2,1,3,2021/05/22
NYM,MIA,4,2,1,5,2021/05/23
NYM,COL,4,3,2,3,2021/05/24
NYM,COL,4,3,3,1,2021/05/25
NYM,COL,4,5,4,2,2021/05/27
NYM,CHC,4,3,5,2,2021/06/14
NYM,CHC,4,3,3,2,2021/06/15
NYM,CHC,4,3,6,3,2021/06/16
NYM,CHC,4,2,0,2,2021/06/17
NYM,PHI,5,4,2,1,2021/06/25
NYM,PHI,5,4,4,3,2021/06/26
NYM,PHI,5,4,2,4,2021/06/27
NYM,MIA,4,2,3,6,2021/08/02
NYM,MIA,4,2,4,5,2021/08/03
NYM,MIA,4,2,2,4,2021/08/05
NYM,PHI,4,2,2,4,2021/08/06
NYM,PHI,4,2,3,5,2021/08/07
NYM,PHI,4,2,0,3,2021/08/08
NYM,LAD,4,3,5,6,2021/08/13
NYM,SF,4,3,5,7,2021/08/17
NYM,SF,4,3,6,2,2021/08/18
NYM,LAD,4,3,7,2,2021/08/22
NYM,SF,4,2,0,8,2021/08/24
NYM,SF,4,3,2,3,2021/08/25
NYM,SF,4,3,2,3,2021/08/26
NYM,MIA,4,2,3,1,2021/08/31
NYM,MIA,4,2,4,3,2021/09/02
NYM,MIA,2,3,9,4,2021/09/07
NYM,STL,2,5,0,7,2021/09/13
NYM,STL,2,3,6,7,2021/09/14
NYM,STL,4,3,4,11,2021/09/15
NYM,BOS,4,5,3,6,2021/09/21
NYM,BOS,4,5,5,12,2021/09/22
NYM,MIA,4,2,5,2,2021/09/28
NYM,MIA,4,2,2,3,2021/09/29
NYM,MIA,4,2,12,3,2021/09/30
SF,STL,3,2,1,3,2019/09/02
SF,STL,3,4,0,1,2019/09/03
SF,STL,3,4,9,8,2019/09/04
SF,STL,3,4,0,10,2019/09/05
SF,MIA,3,2,1,0,2019/09/14
SF,MIA,3,2,2,4,2019/09/15
SF,BOS,3,5,7,6,2019/09/17
SF,COL,3,2,5,8,2019/09/25
SF,COL,4,2,8,3,2019/09/26
SF,LAD,4,3,0,2,2019/09/28
SF,LAD,3,4,1,8,2020/07/24
SF,LAD,3,4,2,7,2020/08/08
SF,COL,3,2,7,2,2020/09/24
SF,COL,3,2,4,0,2021/04/11
SF,MIA,3,2,1,4,2021/04/16
SF,MIA,3,2,6,7,2021/04/17
SF,MIA,3,2,1,0,2021/04/18
SF,PHI,3,4,2,0,2021/04/19
SF,PHI,3,4,10,7,2021/04/20
SF,PHI,3,4,5,6,2021/04/21
SF,MIA,3,2,3,0,2021/04/23
SF,MIA,3,2,5,3,2021/04/24
SF,MIA,3,2,2,5,2021/04/25
SF,LAD,2,3,5,4,2021/05/30
SF,PHI,3,4,5,3,2021/06/19
SF,PHI,3,4,11,2,2021/06/20
SF,LAD,2,4,2,3,2021/06/29
SF,LAD,3,4,1,3,2021/06/30
SF,STL,3,5,3,5,2021/07/05
SF,STL,3,4,5,2,2021/07/08
SF,STL,3,4,1,3,2021/07/17
SF,STL,3,4,1,2,2021/07/18
SF,COL,3,2,7,0,2021/08/13
SF,COL,3,2,5,2,2021/08/15
SF,LAD,3,5,3,2,2021/09/04
SF,LAD,3,4,1,6,2021/09/05
SF,COL,2,3,7,2,2021/09/26
SF,LAD,2,3,4,0,2021/10/09
SF,LAD,2,3,2,9,2021/10/10
SF,LAD,2,3,1,0,2021/10/12
SF,LAD,2,3,2,7,2021/10/13
MIN,CHW,4,2,3,1,2019/08/28
MIN,CHW,4,3,10,5,2019/08/29
MIN,BOS,4,3,6,5,2019/09/03
MIN,BOS,4,3,2,6,2019/09/04
MIN,BOS,4,3,2,1,2019/09/05
MIN,CHW,4,3,5,3,2019/09/16
MIN,CHW,4,3,9,8,2019/09/17
MIN,CHW,4,3,1,3,2019/09/18
MIN,DET,4,2,10,4,2019/09/26
MIN,CHW,4,3,10,5,2020/07/25
MIN,CHW,4,3,14,2,2020/07/26
MIN,STL,4,5,6,3,2020/07/29
MIN,CLE,4,1,0,2,2020/07/30
MIN,STL,4,5,3,0,2020/07/30
MIN,CLE,4,1,3,0,2020/08/01
MIN,CLE,4,3,3,1,2020/08/02
MIN,CHW,4,2,5,8,2020/09/01
MIN,CHW,4,2,3,2,2020/09/02
MIN,CHW,4,3,8,1,2020/09/03
MIN,DET,3,4,4,3,2020/09/05
MIN,CLE,4,1,3,1,2020/09/12
MIN,CHW,4,3,1,3,2020/09/15
MIN,CHW,4,3,2,6,2020/09/16
MIN,CHW,4,3,3,4,2020/09/17
MIN,CHC,4,3,0,1,2020/09/19
MIN,CHC,4,1,8,1,2020/09/20
MIN,DET,4,3,5,4,2020/09/22
MIN,DET,4,3,7,6,2020/09/23
MIN,HOU,4,3,1,4,2020/09/29
MIN,HOU,4,3,1,3,2020/09/30
MIN,BOS,4,5,2,4,2021/04/13
MIN,BOS,4,5,4,3,2021/04/15
MIN,CLE,3,4,3,5,2021/04/26
MIN,CLE,3,4,4,7,2021/04/27
MIN,DET,4,3,7,3,2021/05/07
MIN,DET,4,3,3,7,2021/05/08
MIN,CHW,4,2,3,9,2021/05/12
MIN,CHW,4,3,2,4,2021/05/13
MIN,CHW,4,3,4,16,2021/05/17
MIN,CHW,4,3,5,4,2021/05/18
MIN,CHW,4,3,1,2,2021/05/19
MIN,HOU,4,3,4,6,2021/06/12
MIN,HOU,4,3,3,14,2021/06/13
MIN,CLE,4,1,1,4,2021/06/25
MIN,CHW,4,2,6,7,2021/06/30
MIN,CHW,4,2,3,13,2021/07/01
MIN,CHW,4,3,8,5,2021/07/05
MIN,CHW,4,2,1,4,2021/07/07
MIN,DET,4,3,5,3,2021/07/09
MIN,DET,4,3,4,2,2021/07/10
MIN,DET,4,3,12,9,2021/07/11
MIN,CHW,4,2,3,2,2021/07/19
MIN,CHW,6,2,3,5,2021/07/20
MIN,CHW,6,2,5,9,2021/07/21
MIN,CHW,6,2,7,2,2021/07/22
MIN,DET,6,3,6,5,2021/07/27
MIN,HOU,4,3,5,3,2021/08/06
MIN,HOU,4,3,0,4,2021/08/07
MIN,HOU,4,3,7,5,2021/08/08
MIN,CHW,4,2,1,11,2021/08/10
MIN,CHW,4,2,4,3,2021/08/11
MIN,BOS,4,5,9,11,2021/08/24
MIN,BOS,4,5,9,6,2021/08/25
MIN,BOS,4,5,2,12,2021/08/26
MIN,CHC,4,5,1,3,2021/09/01
MIN,CHC,4,5,0,3,2021/09/02
MIN,CLE,3,4,5,2,2021/09/06
MIN,CLE,4,3,1,3,2021/09/14
MIN,CLE,4,5,3,12,2021/09/15
MIN,CHC,4,2,9,5,2021/09/21
MIN,CHC,4,1,5,4,2021/09/22
MIN,DET,4,3,3,2,2021/09/28
MIN,DET,4,3,5,2,2021/09/29
MIN,DET,4,3,7,10,2021/09/30
PHI,BOS,4,5,3,2,2019/08/20
PHI,BOS,4,2,5,2,2019/08/21
PHI,BOS,4,3,1,2,2019/09/14
PHI,BOS,4,5,3,6,2019/09/15
PHI,MIA,4,2,5,4,2019/09/27
PHI,MIA,4,2,9,3,2019/09/28
PHI,MIA,4,2,3,4,2019/09/29
PHI,MIA,4,2,2,5,2020/07/24
PHI,MIA,4,2,7,1,2020/07/25
PHI,MIA,4,2,6,11,2020/07/26
PHI,BOS,4,5,13,6,2020/08/18
PHI,BOS,2,5,3,6,2020/08/19
PHI,BOS,4,5,2,5,2020/09/08
PHI,MIA,4,2,6,7,2020/09/10
PHI,MIA,4,2,11,0,2020/09/11
PHI,MIA,4,2,12,6,2020/09/12
PHI,MIA,4,2,1,8,2020/09/13
PHI,MIA,4,2,2,6,2020/09/14
PHI,STL,4,5,2,0,2021/04/18
PHI,COL,4,3,4,5,2021/04/24
PHI,COL,4,5,7,5,2021/04/25
PHI,STL,4,5,2,1,2021/04/26
PHI,STL,4,5,2,5,2021/04/27
PHI,STL,4,2,3,4,2021/04/29
PHI,MIA,4,2,8,3,2021/05/18
PHI,MIA,4,2,1,3,2021/05/19
PHI,MIA,4,2,0,6,2021/05/20
PHI,BOS,4,5,3,11,2021/05/21
PHI,BOS,4,5,3,4,2021/05/22
PHI,BOS,4,5,6,2,2021/05/23
PHI,MIA,4,2,6,9,2021/05/24
PHI,MIA,4,2,2,0,2021/05/25
PHI,MIA,4,2,2,4,2021/05/26
PHI,MIA,4,2,3,2,2021/05/27
PHI,LAD,2,4,1,3,2021/06/15
PHI,LAD,2,4,3,5,2021/06/16
PHI,MIA,4,2,4,3,2021/06/29
PHI,MIA,4,2,6,11,2021/06/30
PHI,CHC,4,1,13,3,2021/07/06
PHI,CHC,4,8,15,10,2021/07/07
PHI,CHC,2,3,3,8,2021/07/08
PHI,CHC,2,3,8,0,2021/07/09
PHI,BOS,2,5,5,11,2021/07/09
PHI,BOS,2,5,11,2,2021/07/10
PHI,BOS,2,5,5,4,2021/07/11
PHI,MIA,2,3,3,10,2021/09/03
PHI,MIA,2,3,2,3,2021/09/04
PHI,MIA,2,3,4,3,2021/09/05
PHI,COL,4,3,3,4,2021/09/09
PHI,COL,4,3,2,11,2021/09/10
PHI,COL,4,3,6,1,2021/09/11
PHI,COL,4,3,4,5,2021/09/12
PHI,CHC,4,3,3,6,2021/09/14
PHI,CHC,4,5,6,5,2021/09/15
PHI,CHC,4,3,17,8,2021/09/16
PHI,MIA,4,2,5,0,2021/10/01
PHI,MIA,4,2,1,3,2021/10/02
PHI,MIA,4,2,4,5,2021/10/03
HOU,LAD,3,4,2,5,2020/07/29
HOU,COL,5,3,13,6,2020/08/20
HOU,LAD,2,3,7,5,2020/09/13
HOU,DET,5,3,2,6,2021/04/13
HOU,DET,2,4,2,8,2021/04/14
HOU,COL,5,3,3,6,2021/04/21
HOU,BOS,3,5,11,2,2021/05/31
HOU,BOS,1,5,5,1,2021/06/02
HOU,BOS,3,4,2,1,2021/06/03
HOU,CHW,5,2,10,2,2021/06/18
HOU,CHW,5,2,7,3,2021/06/19
HOU,CHW,5,2,8,2,2021/06/20
HOU,DET,5,4,12,3,2021/06/24
HOU,DET,3,4,3,2,2021/06/26
HOU,BAL,3,2,2,5,2021/07/01
HOU,CLE,5,4,6,3,2021/07/02
HOU,CLE,3,4,3,2,2021/07/03
HOU,CHW,5,2,7,1,2021/07/17
HOU,CHW,5,2,0,4,2021/07/18
HOU,CLE,5,4,4,3,2021/07/20
HOU,CLE,5,4,9,3,2021/07/21
HOU,LAD,3,4,3,0,2021/08/04
HOU,LAD,3,4,5,7,2021/08/05
HOU,COL,3,2,5,1,2021/08/11
HOU,CHW,2,3,6,1,2021/10/07
HOU,CHW,2,3,6,12,2021/10/11
HOU,CHW,5,3,10,1,2021/10/12
HOU,BOS,3,5,3,12,2021/10/19
HOU,BOS,3,5,9,2,2021/10/20
HOU,BOS,3,5,5,0,2021/10/23
CHW,CLE,2,4,3,11,2019/09/02
CHW,CLE,3,4,6,5,2019/09/03
CHW,CLE,2,4,6,8,2019/09/04
CHW,CLE,3,4,7,1,2019/09/05
CHW,DET,3,4,10,1,2019/09/20
CHW,DET,3,4,5,3,2019/09/21
CHW,DET,3,4,3,6,2019/09/22
CHW,CLE,3,4,0,11,2019/09/25
CHW,CLE,3,4,8,3,2019/09/26
CHW,DET,3,4,3,4,2019/09/28
CHW,DET,3,2,5,3,2019/09/29
CHW,CLE,3,4,3,5,2020/07/28
CHW,CLE,3,1,4,0,2020/07/29
CHW,CLE,2,1,2,0,2020/08/08
CHW,CLE,2,1,4,5,2020/08/09
CHW,DET,2,3,1,5,2020/08/10
CHW,DET,2,3,8,4,2020/08/11
CHW,STL,2,3,1,5,2020/08/15
CHW,DET,3,4,9,0,2020/08/20
CHW,CHC,3,1,10,1,2020/08/22
CHW,CHC,3,1,1,2,2020/08/23
CHW,DET,3,4,14,0,2020/09/12
CHW,CLE,3,4,4,7,2020/09/21
CHW,CLE,3,4,3,5,2020/09/22
CHW,CLE,3,4,2,3,2020/09/23
CHW,CLE,2,4,4,5,2020/09/24
CHW,CHC,2,1,9,5,2020/09/26
CHW,CHC,3,1,8,10,2020/09/27
CHW,CLE,2,4,4,3,2021/04/13
CHW,CLE,2,4,0,2,2021/04/14
CHW,CLE,2,1,8,0,2021/04/15
CHW,BOS,2,5,4,7,2021/04/17
CHW,BOS,2,5,5,1,2021/04/18
CHW,BOS,2,5,4,11,2021/04/19
CHW,CLE,2,4,8,5,2021/04/20
CHW,DET,2,3,2,5,2021/04/28
CHW,DET,2,3,3,1,2021/04/29
CHW,CLE,3,4,7,3,2021/05/01
CHW,CLE,2,1,0,5,2021/05/02
CHW,STL,3,4,5,1,2021/05/25
CHW,STL,3,4,0,4,2021/05/26
CHW,CLE,2,4,1,3,2021/05/31
CHW,CLE,2,4,5,6,2021/06/01
CHW,DET,2,4,4,1,2021/06/04
CHW,DET,2,4,9,8,2021/06/05
CHW,DET,2,4,3,0,2021/06/06
CHW,DET,2,4,5,4,2021/06/11
CHW,DET,2,4,15,2,2021/06/12
CHW,DET,2,4,4,1,2021/06/13
CHW,DET,2,3,5,11,2021/07/03
CHW,DET,2,3,5,6,2021/07/04
CHW,CLE,2,3,11,12,2021/07/31
CHW,CLE,3,5,2,1,2021/08/01
CHW,CHC,3,2,8,6,2021/08/06
CHW,CHC,2,3,4,0,2021/08/07
CHW,CHC,2,3,9,3,2021/08/08
CHW,CHC,3,5,13,1,2021/08/29
CHW,BOS,3,5,8,9,2021/09/11
CHW,BOS,3,5,2,1,2021/09/12
CHW,DET,2,4,3,4,2021/09/20
CHW,DET,2,4,3,5,2021/09/21
CHW,CLE,2,3,3,5,2021/09/23
CHW,CLE,3,5,1,0,2021/09/24
CHW,CLE,2,3,0,6,2021/09/25
CHW,CLE,2,3,5,2,2021/09/26
CHW,DET,2,3,8,7,2021/09/27
CHW,DET,3,4,2,5,2021/10/03
BOS,COL,5,3,10,6,2019/08/28
BOS,COL,5,3,7,4,2019/08/29
BOS,MIA,5,2,2,0,2020/09/15
BOS,MIA,5,2,4,8,2020/09/16
BOS,MIA,4,2,5,3,2020/09/17
BOS,MIA,5,2,5,2,2021/05/28
BOS,MIA,5,2,3,1,2021/05/29
BOS,MIA,5,2,5,3,2021/06/07
BOS,DET,5,3,2,4,2021/08/03
BOS,DET,5,3,4,1,2021/08/04
BOS,DET,5,3,1,8,2021/08/05
BOS,CLE,5,4,5,3,2021/08/28
BOS,CLE,5,4,4,3,2021/09/04
BOS,CLE,5,4,5,11,2021/09/05
STL,COL,4,3,1,2,2019/09/11
STL,COL,5,3,10,3,2019/09/12
STL,CHC,2,3,2,1,2019/09/20
STL,CHC,3,5,3,2,2019/09/22
STL,CHC,4,1,2,8,2019/09/28
STL,CHC,5,3,9,0,2019/09/29
STL,CHC,3,4,3,1,2020/08/17
STL,CHC,3,4,4,5,2020/08/18
STL,PIT,3,4,0,2,2020/08/27
STL,CLE,3,4,1,2,2020/08/29
STL,CLE,3,4,7,2,2020/08/30
STL,CHC,4,3,1,5,2020/09/07
STL,PIT,5,6,1,5,2020/09/17
STL,MIA,5,2,4,1,2021/04/05
STL,MIA,3,2,4,2,2021/04/06
STL,MIA,4,2,7,0,2021/04/07
STL,COL,4,3,5,0,2021/05/08
STL,COL,4,3,2,0,2021/05/09
STL,CHC,4,3,2,1,2021/05/22
STL,CHC,4,3,1,2,2021/05/23
STL,LAD,4,3,3,14,2021/06/03
STL,CHC,5,3,5,8,2021/06/11
STL,CHC,5,3,2,7,2021/06/12
STL,MIA,3,2,4,2,2021/06/15
STL,DET,3,4,2,8,2021/06/22
STL,DET,3,4,2,6,2021/06/23
STL,COL,3,5,2,5,2021/07/02
STL,COL,4,3,2,3,2021/07/04
STL,CHC,4,3,6,0,2021/07/10
STL,CHC,4,3,8,3,2021/07/20
STL,CHC,4,3,6,7,2021/07/21
STL,CHC,4,3,3,2,2021/07/22
STL,CLE,4,3,4,2,2021/07/27
STL,CLE,4,5,2,7,2021/07/28
STL,DET,4,3,3,2,2021/08/25
STL,LAD,4,2,1,5,2021/09/06
STL,LAD,4,2,2,7,2021/09/07
STL,LAD,4,3,5,4,2021/09/08
STL,LAD,4,3,2,1,2021/09/09
STL,CHC,4,6,8,5,2021/09/24
STL,CHC,4,6,8,5,2021/09/25
STL,CHC,4,6,4,2,2021/09/26
STL,CHC,4,6,5,6,2021/10/02
STL,CHC,4,6,2,3,2021/10/03
STL,LAD,4,3,1,3,2021/10/07
DET,CLE,3,1,5,10,2020/08/14
DET,CLE,3,1,1,3,2020/08/15
DET,CLE,4,1,5,8,2020/08/16
DET,CHC,4,1,3,9,2020/08/24
DET,CHC,4,1,7,1,2020/08/25
DET,CHC,4,3,7,6,2020/08/26
DET,CLE,3,1,3,10,2020/09/17
DET,CLE,3,1,0,1,2020/09/18
DET,CLE,3,1,5,2,2020/09/19
DET,CLE,3,1,4,7,2020/09/20
DET,CLE,3,4,3,11,2021/04/10
DET,CLE,3,4,2,5,2021/04/11
DET,CHW,3,2,0,11,2021/04/30
DET,CHC,3,6,2,4,2021/05/14
DET,CHC,4,5,9,8,2021/05/15
DET,CLE,3,4,5,6,2021/05/24
DET,CLE,3,4,1,4,2021/05/25
DET,CLE,3,4,1,0,2021/05/26
DET,CLE,3,4,5,13,2021/06/28
DET,CLE,3,4,9,4,2021/06/30
DET,CLE,3,4,7,1,2021/07/01
DET,CLE,3,4,2,1,2021/08/07
DET,CLE,2,3,5,7,2021/08/08
DET,CLE,2,3,6,4,2021/08/14
DET,CLE,4,3,0,11,2021/08/15
LAD,COL,2,3,12,5,2019/09/21
LAD,COL,3,2,7,0,2021/04/14
LAD,COL,3,2,7,5,2021/04/16
LAD,CHC,4,6,1,7,2021/05/04
LAD,CHC,4,6,5,6,2021/05/05
LAD,MIA,4,2,9,6,2021/05/15
LAD,MIA,3,2,2,3,2021/05/16
LAD,CHC,4,1,0,4,2021/06/25
LAD,CHC,5,1,6,2,2021/06/26
LAD,CHC,4,1,7,1,2021/06/27
LAD,MIA,5,2,4,5,2021/07/05
LAD,MIA,3,2,1,2,2021/07/06
LAD,MIA,3,2,6,9,2021/07/07
LAD,MIA,3,2,6,1,2021/07/08
LAD,COL,4,5,10,4,2021/07/17
LAD,COL,4,5,5,6,2021/07/18
LAD,COL,4,3,6,9,2021/07/24
LAD,COL,5,3,2,4,2021/08/28
LAD,COL,5,3,5,2,2021/08/29
COL,MIA,3,2,2,6,2021/06/08
COL,MIA,3,2,4,3,2021/06/09
COL,MIA,3,2,4,11,2021/06/10
COL,CHC,3,5,13,6,2021/08/04
COL,MIA,3,2,14,2,2021/08/07
COL,MIA,5,2,7,4,2021/08/08
CHC,STL,3,5,4,5,2019/09/19
CHC,CLE,5,4,7,1,2020/08/11
CHC,CLE,3,4,7,2,2020/08/12
CHC,MIA,1,2,1,5,2020/09/30
CHC,MIA,1,2,0,2,2020/10/02
CHC,CLE,6,4,2,3,2021/05/11
CHC,CLE,6,4,1,2,2021/05/12
CHC,MIA,1,2,2,10,2021/06/19
CHC,CLE,1,4,0,4,2021/06/22
CHC,CLE,1,4,7,1,2021/06/23
CHC,STL,3,4,10,5,2021/07/09
CHC,MIA,1,2,10,14,2021/08/13
CHC,MIA,3,2,4,5,2021/08/14
CHC,MIA,3,2,1,4,2021/08/15
CLE,CHW,4,3,0,8,2019/09/27
CLE,CHC,4,1,2,3,2020/09/17
CLE,HOU,4,3,2,7,2021/07/01
CLE,HOU,4,5,5,4,2021/07/22
CLE,BOS,4,5,5,8,2021/09/03
